Flow Duration,Total Fwd Packets,Total Backward Packets,Total Length of Fwd Packets,Total Length of Bwd Packets,Fwd Packet Length Mean,Bwd Packet Length Mean,Flow Bytes/s,Flow Packets/s,Flow IAT Max,Flow IAT Min,Fwd IAT Total,Fwd IAT Mean,Fwd IAT Std,Fwd IAT Max,Fwd IAT Min,Bwd IAT Total,Bwd IAT Mean,Bwd IAT Std,Bwd IAT Max,Bwd IAT Min,Fwd PSH Flags,Bwd PSH Flags,Fwd URG Flags,Bwd URG Flags,Fwd Header Length,Bwd Header Length,Fwd Packets/s,Bwd Packets/s,Min Packet Length,Max Packet Length,Packet Length Mean,Packet Length Std,Packet Length Variance,FIN Flag Count,SYN Flag Count,RST Flag Count,PSH Flag Count,ACK Flag Count,URG Flag Count,CWE Flag Count,ECE Flag Count,Down/Up Ratio,Average Packet Size,Avg Fwd Segment Size,Avg Bwd Segment Size,Fwd Header Length.1,Fwd Avg Bytes/Bulk,Fwd Avg Packets/Bulk,Fwd Avg Bulk Rate,Bwd Avg Bytes/Bulk,Bwd Avg Packets/Bulk,Bwd Avg Bulk Rate,Subflow Fwd Packets,Subflow Fwd Bytes,Subflow Bwd Packets,Subflow Bwd Bytes,Init_Win_bytes_forward,Init_Win_bytes_backward,act_data_pkt_fwd,min_seg_size_forward,Active Mean,Active Std,Active Max,Active Min,Idle Mean,Idle Std,Idle Max,Idle Min
0.014090819999999837,5,0,537,0,107.4,0,38109.91837238757,354.8409531879662,0.013433896999998751,3.819999996323986e-07,0.014090819999999837,0.0035227049999999593,0.006610697709896756,0.013433896999998751,3.819999996323986e-07,0,0,0,0,0,0,0,0,0,100,0,354.8409531879662,0.0,60,291,107.4,102.6683982537957,10540.800000000001,0,0,0,0,0,0,0,0,0.0,107.4,107.4,0,100,0,0,0,0,0,0,5,537,0,0,-1,-1,5,20,0,0,0,0,0,0,0,0
0.014111549000002555,5,0,455,0,91.0,0,32243.093936740584,354.31971359055586,0.010759028000002502,1.3614000000217175e-05,0.014111549000002555,0.0035278872500006386,0.00495525258077719,0.010759028000002502,1.3614000000217175e-05,0,0,0,0,0,0,0,0,0,100,0,354.31971359055586,0.0,54,227,91.0,76.20367445208925,5807.0,0,0,0,0,0,0,0,0,0.0,91.0,91.0,0,100,0,0,0,0,0,0,5,455,0,0,-1,-1,5,20,0,0,0,0,0,0,0,0
0.0,1,0,116,0,116.0,0,0.0,0.0,0.0,0.0,0.0,0.0,0.0,0.0,0.0,0,0,0,0,0,0,0,0,0,20,0,0.0,0.0,116,116,116.0,,,0,0,0,0,0,0,0,0,0.0,116.0,116.0,0,20,0,0,0,0,0,0,1,116,0,0,-1,-1,1,20,0,0,0,0,0,0,0,0
0.0,1,0,66,0,66.0,0,0.0,0.0,0.0,0.0,0.0,0.0,0.0,0.0,0.0,0,0,0,0,0,0,0,0,0,20,0,0.0,0.0,66,66,66.0,,,0,0,0,0,0,0,0,0,0.0,66.0,66.0,0,20,0,0,0,0,0,0,1,66,0,0,-1,-1,1,20,0,0,0,0,0,0,0,0
0.01751069199999833,5,0,537,0,107.4,0,30666.977638579403,285.5398290370522,0.017237740999998863,1.089999983605594e-07,0.01751069199999833,0.004377672999999582,0.008574340484116568,0.017237740999998863,1.089999983605594e-07,0,0,0,0,0,0,0,0,0,100,0,285.5398290370522,0.0,60,291,107.4,102.6683982537957,10540.800000000001,0,0,0,0,0,0,0,0,0.0,107.4,107.4,0,100,0,0,0,0,0,0,5,537,0,0,-1,-1,5,20,0,0,0,0,0,0,0,0
0.017507118999997573,5,0,455,0,91.0,0,25989.42750089624,285.59810440545317,0.015193059999997871,1.2949999998568273e-05,0.017507118999997573,0.004376779749999393,0.007264393937998421,0.015193059999997871,1.2949999998568273e-05,0,0,0,0,0,0,0,0,0,100,0,285.59810440545317,0.0,54,227,91.0,76.20367445208925,5807.0,0,0,0,0,0,0,0,0,0.0,91.0,91.0,0,100,0,0,0,0,0,0,5,455,0,0,-1,-1,5,20,0,0,0,0,0,0,0,0
0.0,1,0,116,0,116.0,0,0.0,0.0,0.0,0.0,0.0,0.0,0.0,0.0,0.0,0,0,0,0,0,0,0,0,0,20,0,0.0,0.0,116,116,116.0,,,0,0,0,0,0,0,0,0,0.0,116.0,116.0,0,20,0,0,0,0,0,0,1,116,0,0,-1,-1,1,20,0,0,0,0,0,0,0,0
0.0,1,0,66,0,66.0,0,0.0,0.0,0.0,0.0,0.0,0.0,0.0,0.0,0.0,0,0,0,0,0,0,0,0,0,20,0,0.0,0.0,66,66,66.0,,,0,0,0,0,0,0,0,0,0.0,66.0,66.0,0,20,0,0,0,0,0,0,1,66,0,0,-1,-1,1,20,0,0,0,0,0,0,0,0
0.015066262000001274,5,0,537,0,107.4,0,35642.5502224742,331.8673205072086,0.014545656999999323,3.5200000070290116e-07,0.015066262000001274,0.0037665655000003184,0.007187104366298302,0.014545656999999323,3.5200000070290116e-07,0,0,0,0,0,0,0,0,0,100,0,331.8673205072086,0.0,60,291,107.4,102.6683982537957,10540.800000000001,0,0,0,0,0,0,0,0,0.0,107.4,107.4,0,100,0,0,0,0,0,0,5,537,0,0,-1,-1,5,20,0,0,0,0,0,0,0,0
0.015059655999998256,5,0,455,0,91.0,0,30213.173528004405,332.0128959121363,0.011549202000001202,4.366099999941753e-05,0.015059655999998256,0.003764913999999564,0.005382655311209413,0.011549202000001202,4.366099999941753e-05,0,0,0,0,0,0,0,0,0,100,0,332.0128959121363,0.0,54,227,91.0,76.20367445208925,5807.0,0,0,0,0,0,0,0,0,0.0,91.0,91.0,0,100,0,0,0,0,0,0,5,455,0,0,-1,-1,5,20,0,0,0,0,0,0,0,0
0.0,1,0,116,0,116.0,0,0.0,0.0,0.0,0.0,0.0,0.0,0.0,0.0,0.0,0,0,0,0,0,0,0,0,0,20,0,0.0,0.0,116,116,116.0,,,0,0,0,0,0,0,0,0,0.0,116.0,116.0,0,20,0,0,0,0,0,0,1,116,0,0,-1,-1,1,20,0,0,0,0,0,0,0,0
0.0,1,0,66,0,66.0,0,0.0,0.0,0.0,0.0,0.0,0.0,0.0,0.0,0.0,0,0,0,0,0,0,0,0,0,20,0,0.0,0.0,66,66,66.0,,,0,0,0,0,0,0,0,0,0.0,66.0,66.0,0,20,0,0,0,0,0,0,1,66,0,0,-1,-1,1,20,0,0,0,0,0,0,0,0
0.012552941000002704,5,0,537,0,107.4,0,42778.81972040531,398.3130327784479,0.012218734000001064,2.0099999886724618e-07,0.012552941000002704,0.003138235250000676,0.006054603577261603,0.012218734000001064,2.0099999886724618e-07,0,0,0,0,0,0,0,0,0,100,0,398.3130327784479,0.0,60,291,107.4,102.6683982537957,10540.800000000001,0,0,0,0,0,0,0,0,0.0,107.4,107.4,0,100,0,0,0,0,0,0,5,537,0,0,-1,-1,5,20,0,0,0,0,0,0,0,0
0.012533717999996696,5,0,455,0,91.0,0,36302.077324551254,398.92392664342043,0.010940808999997387,9.964000000195483e-06,0.012533717999996696,0.003133429499999174,0.005235999724113065,0.010940808999997387,9.964000000195483e-06,0,0,0,0,0,0,0,0,0,100,0,398.92392664342043,0.0,54,227,91.0,76.20367445208925,5807.0,0,0,0,0,0,0,0,0,0.0,91.0,91.0,0,100,0,0,0,0,0,0,5,455,0,0,-1,-1,5,20,0,0,0,0,0,0,0,0
0.0,1,0,116,0,116.0,0,0.0,0.0,0.0,0.0,0.0,0.0,0.0,0.0,0.0,0,0,0,0,0,0,0,0,0,20,0,0.0,0.0,116,116,116.0,,,0,0,0,0,0,0,0,0,0.0,116.0,116.0,0,20,0,0,0,0,0,0,1,116,0,0,-1,-1,1,20,0,0,0,0,0,0,0,0
0.0,1,0,66,0,66.0,0,0.0,0.0,0.0,0.0,0.0,0.0,0.0,0.0,0.0,0,0,0,0,0,0,0,0,0,20,0,0.0,0.0,66,66,66.0,,,0,0,0,0,0,0,0,0,0.0,66.0,66.0,0,20,0,0,0,0,0,0,1,66,0,0,-1,-1,1,20,0,0,0,0,0,0,0,0
0.017344013999998964,5,0,537,0,107.4,0,30961.690875020748,288.28390013985796,0.01713261400000121,1.579999988621239e-07,0.017344013999998964,0.004336003499999741,0.00853136677812043,0.01713261400000121,1.579999988621239e-07,0,0,0,0,0,0,0,0,0,100,0,288.28390013985796,0.0,60,291,107.4,102.6683982537957,10540.800000000001,0,0,0,0,0,0,0,0,0.0,107.4,107.4,0,100,0,0,0,0,0,0,5,537,0,0,-1,-1,5,20,0,0,0,0,0,0,0,0
0.01732293099999893,5,0,455,0,91.0,0,26265.762993573553,288.63475817113795,0.014246061999998005,9.392000002605982e-06,0.01732293099999893,0.004330732749999733,0.006741772339154145,0.014246061999998005,9.392000002605982e-06,0,0,0,0,0,0,0,0,0,100,0,288.63475817113795,0.0,54,227,91.0,76.20367445208925,5807.0,0,0,0,0,0,0,0,0,0.0,91.0,91.0,0,100,0,0,0,0,0,0,5,455,0,0,-1,-1,5,20,0,0,0,0,0,0,0,0
0.0,1,0,116,0,116.0,0,0.0,0.0,0.0,0.0,0.0,0.0,0.0,0.0,0.0,0,0,0,0,0,0,0,0,0,20,0,0.0,0.0,116,116,116.0,,,0,0,0,0,0,0,0,0,0.0,116.0,116.0,0,20,0,0,0,0,0,0,1,116,0,0,-1,-1,1,20,0,0,0,0,0,0,0,0
0.0,1,0,66,0,66.0,0,0.0,0.0,0.0,0.0,0.0,0.0,0.0,0.0,0.0,0,0,0,0,0,0,0,0,0,20,0,0.0,0.0,66,66,66.0,,,0,0,0,0,0,0,0,0,0.0,66.0,66.0,0,20,0,0,0,0,0,0,1,66,0,0,-1,-1,1,20,0,0,0,0,0,0,0,0
0.014961718000002122,5,0,537,0,107.4,0,35891.60014912217,334.18622112776694,0.014672698000005369,5.449900000087382e-05,0.014961718000002122,0.0037404295000005305,0.007288334990100884,0.014672698000005369,5.449900000087382e-05,0,0,0,0,0,0,0,0,0,100,0,334.18622112776694,0.0,60,291,107.4,102.6683982537957,10540.800000000001,0,0,0,0,0,0,0,0,0.0,107.4,107.4,0,100,0,0,0,0,0,0,5,537,0,0,-1,-1,5,20,0,0,0,0,0,0,0,0
0.01494121100000001,5,0,455,0,91.0,0,30452.68552863618,334.6448959190789,0.012145257999996772,7.306000000539825e-06,0.01494121100000001,0.0037353027500000024,0.005726619340767247,0.012145257999996772,7.306000000539825e-06,0,0,0,0,0,0,0,0,0,100,0,334.6448959190789,0.0,54,227,91.0,76.20367445208925,5807.0,0,0,0,0,0,0,0,0,0.0,91.0,91.0,0,100,0,0,0,0,0,0,5,455,0,0,-1,-1,5,20,0,0,0,0,0,0,0,0
0.0,1,0,116,0,116.0,0,0.0,0.0,0.0,0.0,0.0,0.0,0.0,0.0,0.0,0,0,0,0,0,0,0,0,0,20,0,0.0,0.0,116,116,116.0,,,0,0,0,0,0,0,0,0,0.0,116.0,116.0,0,20,0,0,0,0,0,0,1,116,0,0,-1,-1,1,20,0,0,0,0,0,0,0,0
0.0,1,0,66,0,66.0,0,0.0,0.0,0.0,0.0,0.0,0.0,0.0,0.0,0.0,0,0,0,0,0,0,0,0,0,20,0,0.0,0.0,66,66,66.0,,,0,0,0,0,0,0,0,0,0.0,66.0,66.0,0,20,0,0,0,0,0,0,1,66,0,0,-1,-1,1,20,0,0,0,0,0,0,0,0
0.025622263000002476,5,0,537,0,107.4,0,20958.336115742317,195.1427943737646,0.025296965000002558,1.7800000051693132e-07,0.025622263000002476,0.006405565750000619,0.012595195403766777,0.025296965000002558,1.7800000051693132e-07,0,0,0,0,0,0,0,0,0,100,0,195.1427943737646,0.0,60,291,107.4,102.6683982537957,10540.800000000001,0,0,0,0,0,0,0,0,0.0,107.4,107.4,0,100,0,0,0,0,0,0,5,537,0,0,-1,-1,5,20,0,0,0,0,0,0,0,0
0.025641025999995293,5,0,455,0,91.0,0,17744.99975157326,194.99999727003583,0.023760883999997873,8.597999993753547e-06,0.025641025999995293,0.006410256499998823,0.011585871440394248,0.023760883999997873,8.597999993753547e-06,0,0,0,0,0,0,0,0,0,100,0,194.99999727003583,0.0,54,227,91.0,76.20367445208925,5807.0,0,0,0,0,0,0,0,0,0.0,91.0,91.0,0,100,0,0,0,0,0,0,5,455,0,0,-1,-1,5,20,0,0,0,0,0,0,0,0
0.0,1,0,116,0,116.0,0,0.0,0.0,0.0,0.0,0.0,0.0,0.0,0.0,0.0,0,0,0,0,0,0,0,0,0,20,0,0.0,0.0,116,116,116.0,,,0,0,0,0,0,0,0,0,0.0,116.0,116.0,0,20,0,0,0,0,0,0,1,116,0,0,-1,-1,1,20,0,0,0,0,0,0,0,0
0.0,1,0,66,0,66.0,0,0.0,0.0,0.0,0.0,0.0,0.0,0.0,0.0,0.0,0,0,0,0,0,0,0,0,0,20,0,0.0,0.0,66,66,66.0,,,0,0,0,0,0,0,0,0,0.0,66.0,66.0,0,20,0,0,0,0,0,0,1,66,0,0,-1,-1,1,20,0,0,0,0,0,0,0,0
0.014183951999996225,5,0,537,0,107.4,0,37859.688188464184,352.5110632073015,0.013933039000001202,1.0499999802959792e-07,0.014183951999996225,0.0035459879999990562,0.006925708175586558,0.013933039000001202,1.0499999802959792e-07,0,0,0,0,0,0,0,0,0,100,0,352.5110632073015,0.0,60,291,107.4,102.6683982537957,10540.800000000001,0,0,0,0,0,0,0,0,0.0,107.4,107.4,0,100,0,0,0,0,0,0,5,537,0,0,-1,-1,5,20,0,0,0,0,0,0,0,0
0.014184833000001618,5,0,455,0,91.0,0,32076.5144009766,352.4891692415011,0.010917971000004911,7.904000000280575e-06,0.014184833000001618,0.0035462082500004044,0.005102593481761337,0.010917971000004911,7.904000000280575e-06,0,0,0,0,0,0,0,0,0,100,0,352.4891692415011,0.0,54,227,91.0,76.20367445208925,5807.0,0,0,0,0,0,0,0,0,0.0,91.0,91.0,0,100,0,0,0,0,0,0,5,455,0,0,-1,-1,5,20,0,0,0,0,0,0,0,0
0.0,1,0,116,0,116.0,0,0.0,0.0,0.0,0.0,0.0,0.0,0.0,0.0,0.0,0,0,0,0,0,0,0,0,0,20,0,0.0,0.0,116,116,116.0,,,0,0,0,0,0,0,0,0,0.0,116.0,116.0,0,20,0,0,0,0,0,0,1,116,0,0,-1,-1,1,20,0,0,0,0,0,0,0,0
0.0,1,0,66,0,66.0,0,0.0,0.0,0.0,0.0,0.0,0.0,0.0,0.0,0.0,0,0,0,0,0,0,0,0,0,20,0,0.0,0.0,66,66,66.0,,,0,0,0,0,0,0,0,0,0.0,66.0,66.0,0,20,0,0,0,0,0,0,1,66,0,0,-1,-1,1,20,0,0,0,0,0,0,0,0
0.014397650999995903,5,0,537,0,107.4,0,37297.75086228669,347.27887208833044,0.014013015999999823,5.7943000001614564e-05,0.014397650999995903,0.003599412749998976,0.00694259763227179,0.014013015999999823,5.7943000001614564e-05,0,0,0,0,0,0,0,0,0,100,0,347.27887208833044,0.0,60,291,107.4,102.6683982537957,10540.800000000001,0,0,0,0,0,0,0,0,0.0,107.4,107.4,0,100,0,0,0,0,0,0,5,537,0,0,-1,-1,5,20,0,0,0,0,0,0,0,0
0.014369629000000828,5,0,455,0,91.0,0,31664.004686549233,347.956095456585,0.010861208999997984,6.9489999958705084e-06,0.014369629000000828,0.003592407250000207,0.005074171994423594,0.010861208999997984,6.9489999958705084e-06,0,0,0,0,0,0,0,0,0,100,0,347.956095456585,0.0,54,227,91.0,76.20367445208925,5807.0,0,0,0,0,0,0,0,0,0.0,91.0,91.0,0,100,0,0,0,0,0,0,5,455,0,0,-1,-1,5,20,0,0,0,0,0,0,0,0
0.0,1,0,116,0,116.0,0,0.0,0.0,0.0,0.0,0.0,0.0,0.0,0.0,0.0,0,0,0,0,0,0,0,0,0,20,0,0.0,0.0,116,116,116.0,,,0,0,0,0,0,0,0,0,0.0,116.0,116.0,0,20,0,0,0,0,0,0,1,116,0,0,-1,-1,1,20,0,0,0,0,0,0,0,0
0.0,1,0,66,0,66.0,0,0.0,0.0,0.0,0.0,0.0,0.0,0.0,0.0,0.0,0,0,0,0,0,0,0,0,0,20,0,0.0,0.0,66,66,66.0,,,0,0,0,0,0,0,0,0,0.0,66.0,66.0,0,20,0,0,0,0,0,0,1,66,0,0,-1,-1,1,20,0,0,0,0,0,0,0,0
0.014002722000000745,5,0,537,0,107.4,0,38349.68658236387,357.0734318655854,0.013036465000006103,2.419999987068877e-07,0.014002722000000745,0.003500680500000186,0.006363830125842743,0.013036465000006103,2.419999987068877e-07,0,0,0,0,0,0,0,0,0,100,0,357.0734318655854,0.0,60,291,107.4,102.6683982537957,10540.800000000001,0,0,0,0,0,0,0,0,0.0,107.4,107.4,0,100,0,0,0,0,0,0,5,537,0,0,-1,-1,5,20,0,0,0,0,0,0,0,0
0.01400421000000307,5,0,455,0,91.0,0,32490.2297237688,357.0354914699868,0.01145508600000511,1.121300000050951e-05,0.01400421000000307,0.0035010525000007675,0.0053974468464734636,0.01145508600000511,1.121300000050951e-05,0,0,0,0,0,0,0,0,0,100,0,357.0354914699868,0.0,54,227,91.0,76.20367445208925,5807.0,0,0,0,0,0,0,0,0,0.0,91.0,91.0,0,100,0,0,0,0,0,0,5,455,0,0,-1,-1,5,20,0,0,0,0,0,0,0,0
0.0,1,0,116,0,116.0,0,0.0,0.0,0.0,0.0,0.0,0.0,0.0,0.0,0.0,0,0,0,0,0,0,0,0,0,20,0,0.0,0.0,116,116,116.0,,,0,0,0,0,0,0,0,0,0.0,116.0,116.0,0,20,0,0,0,0,0,0,1,116,0,0,-1,-1,1,20,0,0,0,0,0,0,0,0
0.0,1,0,66,0,66.0,0,0.0,0.0,0.0,0.0,0.0,0.0,0.0,0.0,0.0,0,0,0,0,0,0,0,0,0,20,0,0.0,0.0,66,66,66.0,,,0,0,0,0,0,0,0,0,0.0,66.0,66.0,0,20,0,0,0,0,0,0,1,66,0,0,-1,-1,1,20,0,0,0,0,0,0,0,0
0.012943335999999306,5,0,537,0,107.4,0,41488.531241098026,386.2991735670208,0.012657717999999818,1.33999996876355e-07,0.012943335999999306,0.0032358339999998265,0.006282043355103113,0.012657717999999818,1.33999996876355e-07,0,0,0,0,0,0,0,0,0,100,0,386.2991735670208,0.0,60,291,107.4,102.6683982537957,10540.800000000001,0,0,0,0,0,0,0,0,0.0,107.4,107.4,0,100,0,0,0,0,0,0,5,537,0,0,-1,-1,5,20,0,0,0,0,0,0,0,0
0.012920643000001064,5,0,455,0,91.0,0,35214.96569481585,386.97764499797637,0.011154959000002407,9.177999999110398e-06,0.012920643000001064,0.003230160750000266,0.005325430943141847,0.011154959000002407,9.177999999110398e-06,0,0,0,0,0,0,0,0,0,100,0,386.97764499797637,0.0,54,227,91.0,76.20367445208925,5807.0,0,0,0,0,0,0,0,0,0.0,91.0,91.0,0,100,0,0,0,0,0,0,5,455,0,0,-1,-1,5,20,0,0,0,0,0,0,0,0
0.0,1,0,116,0,116.0,0,0.0,0.0,0.0,0.0,0.0,0.0,0.0,0.0,0.0,0,0,0,0,0,0,0,0,0,20,0,0.0,0.0,116,116,116.0,,,0,0,0,0,0,0,0,0,0.0,116.0,116.0,0,20,0,0,0,0,0,0,1,116,0,0,-1,-1,1,20,0,0,0,0,0,0,0,0
0.0,1,0,66,0,66.0,0,0.0,0.0,0.0,0.0,0.0,0.0,0.0,0.0,0.0,0,0,0,0,0,0,0,0,0,20,0,0.0,0.0,66,66,66.0,,,0,0,0,0,0,0,0,0,0.0,66.0,66.0,0,20,0,0,0,0,0,0,1,66,0,0,-1,-1,1,20,0,0,0,0,0,0,0,0
0.03835552100000683,5,0,537,0,107.4,0,14000.59198778461,130.35932949520122,0.03807370199999838,1.750000038214239e-07,0.03835552100000683,0.009588880250001708,0.01899004871053201,0.03807370199999838,1.750000038214239e-07,0,0,0,0,0,0,0,0,0,100,0,130.35932949520122,0.0,60,291,107.4,102.6683982537957,10540.800000000001,0,0,0,0,0,0,0,0,0.0,107.4,107.4,0,100,0,0,0,0,0,0,5,537,0,0,-1,-1,5,20,0,0,0,0,0,0,0,0
0.038336639000000616,5,0,455,0,91.0,0,11868.541736274603,130.4235355634572,0.026311088999996457,5.783299999961855e-05,0.038336639000000616,0.009584159750000154,0.01242903880690054,0.026311088999996457,5.783299999961855e-05,0,0,0,0,0,0,0,0,0,100,0,130.4235355634572,0.0,54,227,91.0,76.20367445208925,5807.0,0,0,0,0,0,0,0,0,0.0,91.0,91.0,0,100,0,0,0,0,0,0,5,455,0,0,-1,-1,5,20,0,0,0,0,0,0,0,0
0.0,1,0,116,0,116.0,0,0.0,0.0,0.0,0.0,0.0,0.0,0.0,0.0,0.0,0,0,0,0,0,0,0,0,0,20,0,0.0,0.0,116,116,116.0,,,0,0,0,0,0,0,0,0,0.0,116.0,116.0,0,20,0,0,0,0,0,0,1,116,0,0,-1,-1,1,20,0,0,0,0,0,0,0,0
0.0,1,0,66,0,66.0,0,0.0,0.0,0.0,0.0,0.0,0.0,0.0,0.0,0.0,0,0,0,0,0,0,0,0,0,20,0,0.0,0.0,66,66,66.0,,,0,0,0,0,0,0,0,0,0.0,66.0,66.0,0,20,0,0,0,0,0,0,1,66,0,0,-1,-1,1,20,0,0,0,0,0,0,0,0
0.029328380999999126,5,0,537,0,107.4,0,18309.909435506037,170.4833280773374,0.0288911880000029,4.891700000086985e-05,0.029328380999999126,0.007332095249999782,0.014373128241545964,0.0288911880000029,4.891700000086985e-05,0,0,0,0,0,0,0,0,0,100,0,170.4833280773374,0.0,60,291,107.4,102.6683982537957,10540.800000000001,0,0,0,0,0,0,0,0,0.0,107.4,107.4,0,100,0,0,0,0,0,0,5,537,0,0,-1,-1,5,20,0,0,0,0,0,0,0,0
0.02927718299999782,5,0,455,0,91.0,0,15541.112681504703,170.78145803851322,0.016221690000001843,1.2361999999654927e-05,0.02927718299999782,0.007319295749999455,0.008374224109872772,0.016221690000001843,1.2361999999654927e-05,0,0,0,0,0,0,0,0,0,100,0,170.78145803851322,0.0,54,227,91.0,76.20367445208925,5807.0,0,0,0,0,0,0,0,0,0.0,91.0,91.0,0,100,0,0,0,0,0,0,5,455,0,0,-1,-1,5,20,0,0,0,0,0,0,0,0
0.0,1,0,116,0,116.0,0,0.0,0.0,0.0,0.0,0.0,0.0,0.0,0.0,0.0,0,0,0,0,0,0,0,0,0,20,0,0.0,0.0,116,116,116.0,,,0,0,0,0,0,0,0,0,0.0,116.0,116.0,0,20,0,0,0,0,0,0,1,116,0,0,-1,-1,1,20,0,0,0,0,0,0,0,0
0.0,1,0,66,0,66.0,0,0.0,0.0,0.0,0.0,0.0,0.0,0.0,0.0,0.0,0,0,0,0,0,0,0,0,0,20,0,0.0,0.0,66,66,66.0,,,0,0,0,0,0,0,0,0,0.0,66.0,66.0,0,20,0,0,0,0,0,0,1,66,0,0,-1,-1,1,20,0,0,0,0,0,0,0,0
0.025222143000000585,5,0,537,0,107.4,0,21290.815772473718,198.2385081235914,0.02475590799999594,1.1400000232697494e-07,0.025222143000000585,0.006305535750000146,0.01230076601614362,0.02475590799999594,1.1400000232697494e-07,0,0,0,0,0,0,0,0,0,100,0,198.2385081235914,0.0,60,291,107.4,102.6683982537957,10540.800000000001,0,0,0,0,0,0,0,0,0.0,107.4,107.4,0,100,0,0,0,0,0,0,5,537,0,0,-1,-1,5,20,0,0,0,0,0,0,0,0
0.02521515500000504,5,0,455,0,91.0,0,18044.70367126076,198.2934469369314,0.012804830000000322,8.090999997989456e-06,0.02521515500000504,0.00630378875000126,0.00716362557325127,0.012804830000000322,8.090999997989456e-06,0,0,0,0,0,0,0,0,0,100,0,198.2934469369314,0.0,54,227,91.0,76.20367445208925,5807.0,0,0,0,0,0,0,0,0,0.0,91.0,91.0,0,100,0,0,0,0,0,0,5,455,0,0,-1,-1,5,20,0,0,0,0,0,0,0,0
0.0,1,0,116,0,116.0,0,0.0,0.0,0.0,0.0,0.0,0.0,0.0,0.0,0.0,0,0,0,0,0,0,0,0,0,20,0,0.0,0.0,116,116,116.0,,,0,0,0,0,0,0,0,0,0.0,116.0,116.0,0,20,0,0,0,0,0,0,1,116,0,0,-1,-1,1,20,0,0,0,0,0,0,0,0
0.0,1,0,66,0,66.0,0,0.0,0.0,0.0,0.0,0.0,0.0,0.0,0.0,0.0,0,0,0,0,0,0,0,0,0,20,0,0.0,0.0,66,66,66.0,,,0,0,0,0,0,0,0,0,0.0,66.0,66.0,0,20,0,0,0,0,0,0,1,66,0,0,-1,-1,1,20,0,0,0,0,0,0,0,0
0.014068059999999605,5,0,537,0,107.4,0,38171.57447437778,355.41503234988625,0.013818131999997263,1.679999996895276e-07,0.014068059999999605,0.003517014999999901,0.006868416056175449,0.013818131999997263,1.679999996895276e-07,0,0,0,0,0,0,0,0,0,100,0,355.41503234988625,0.0,60,291,107.4,102.6683982537957,10540.800000000001,0,0,0,0,0,0,0,0,0.0,107.4,107.4,0,100,0,0,0,0,0,0,5,537,0,0,-1,-1,5,20,0,0,0,0,0,0,0,0
0.014076160000001892,5,0,455,0,91.0,0,32324.156588156064,355.21051195775897,0.010790339999999787,1.1603000004356545e-05,0.014076160000001892,0.003519040000000473,0.005036660717813962,0.010790339999999787,1.1603000004356545e-05,0,0,0,0,0,0,0,0,0,100,0,355.21051195775897,0.0,54,227,91.0,76.20367445208925,5807.0,0,0,0,0,0,0,0,0,0.0,91.0,91.0,0,100,0,0,0,0,0,0,5,455,0,0,-1,-1,5,20,0,0,0,0,0,0,0,0
0.0,1,0,116,0,116.0,0,0.0,0.0,0.0,0.0,0.0,0.0,0.0,0.0,0.0,0,0,0,0,0,0,0,0,0,20,0,0.0,0.0,116,116,116.0,,,0,0,0,0,0,0,0,0,0.0,116.0,116.0,0,20,0,0,0,0,0,0,1,116,0,0,-1,-1,1,20,0,0,0,0,0,0,0,0
0.0,1,0,66,0,66.0,0,0.0,0.0,0.0,0.0,0.0,0.0,0.0,0.0,0.0,0,0,0,0,0,0,0,0,0,20,0,0.0,0.0,66,66,66.0,,,0,0,0,0,0,0,0,0,0.0,66.0,66.0,0,20,0,0,0,0,0,0,1,66,0,0,-1,-1,1,20,0,0,0,0,0,0,0,0
0.01644575499999945,5,0,537,0,107.4,0,32652.803109374905,304.029824109636,0.014498447999997666,0.00010018500000086306,0.01644575499999945,0.004111438749999863,0.006951864285382478,0.014498447999997666,0.00010018500000086306,0,0,0,0,0,0,0,0,0,100,0,304.029824109636,0.0,60,291,107.4,102.6683982537957,10540.800000000001,0,0,0,0,0,0,0,0,0.0,107.4,107.4,0,100,0,0,0,0,0,0,5,537,0,0,-1,-1,5,20,0,0,0,0,0,0,0,0
0.016409714999994662,5,0,455,0,91.0,0,27727.47729013868,304.6975526388866,0.012244133999999463,1.0240000001715543e-05,0.016409714999994662,0.004102428749998666,0.005518932237217792,0.012244133999999463,1.0240000001715543e-05,0,0,0,0,0,0,0,0,0,100,0,304.6975526388866,0.0,54,227,91.0,76.20367445208925,5807.0,0,0,0,0,0,0,0,0,0.0,91.0,91.0,0,100,0,0,0,0,0,0,5,455,0,0,-1,-1,5,20,0,0,0,0,0,0,0,0
0.0,1,0,116,0,116.0,0,0.0,0.0,0.0,0.0,0.0,0.0,0.0,0.0,0.0,0,0,0,0,0,0,0,0,0,20,0,0.0,0.0,116,116,116.0,,,0,0,0,0,0,0,0,0,0.0,116.0,116.0,0,20,0,0,0,0,0,0,1,116,0,0,-1,-1,1,20,0,0,0,0,0,0,0,0
0.0,1,0,66,0,66.0,0,0.0,0.0,0.0,0.0,0.0,0.0,0.0,0.0,0.0,0,0,0,0,0,0,0,0,0,20,0,0.0,0.0,66,66,66.0,,,0,0,0,0,0,0,0,0,0.0,66.0,66.0,0,20,0,0,0,0,0,0,1,66,0,0,-1,-1,1,20,0,0,0,0,0,0,0,0
0.01303857800000685,5,0,537,0,107.4,0,41185.47283298208,383.4774006795352,0.012442317999997954,2.3360000085403954e-06,0.01303857800000685,0.0032596445000017127,0.006123711806225885,0.012442317999997954,2.3360000085403954e-06,0,0,0,0,0,0,0,0,0,100,0,383.4774006795352,0.0,60,291,107.4,102.6683982537957,10540.800000000001,0,0,0,0,0,0,0,0,0.0,107.4,107.4,0,100,0,0,0,0,0,0,5,537,0,0,-1,-1,5,20,0,0,0,0,0,0,0,0
0.01326606400000685,5,0,455,0,91.0,0,34298.0404737807,376.9015436679198,0.01136948699999607,2.6285999993547193e-05,0.01326606400000685,0.0033165160000017124,0.005393764418711863,0.01136948699999607,2.6285999993547193e-05,0,0,0,0,0,0,0,0,0,100,0,376.9015436679198,0.0,54,227,91.0,76.20367445208925,5807.0,0,0,0,0,0,0,0,0,0.0,91.0,91.0,0,100,0,0,0,0,0,0,5,455,0,0,-1,-1,5,20,0,0,0,0,0,0,0,0
0.0,1,0,116,0,116.0,0,0.0,0.0,0.0,0.0,0.0,0.0,0.0,0.0,0.0,0,0,0,0,0,0,0,0,0,20,0,0.0,0.0,116,116,116.0,,,0,0,0,0,0,0,0,0,0.0,116.0,116.0,0,20,0,0,0,0,0,0,1,116,0,0,-1,-1,1,20,0,0,0,0,0,0,0,0
0.0,1,0,66,0,66.0,0,0.0,0.0,0.0,0.0,0.0,0.0,0.0,0.0,0.0,0,0,0,0,0,0,0,0,0,20,0,0.0,0.0,66,66,66.0,,,0,0,0,0,0,0,0,0,0.0,66.0,66.0,0,20,0,0,0,0,0,0,1,66,0,0,-1,-1,1,20,0,0,0,0,0,0,0,0
0.013321566000001894,5,0,537,0,107.4,0,40310.57609893038,375.3312485933928,0.013136660999990113,1.4300000827915937e-07,0.013321566000001894,0.0033303915000004736,0.006538091068683577,0.013136660999990113,1.4300000827915937e-07,0,0,0,0,0,0,0,0,0,100,0,375.3312485933928,0.0,60,291,107.4,102.6683982537957,10540.800000000001,0,0,0,0,0,0,0,0,0.0,107.4,107.4,0,100,0,0,0,0,0,0,5,537,0,0,-1,-1,5,20,0,0,0,0,0,0,0,0
0.013321065999988946,5,0,455,0,91.0,0,34156.42561941947,375.345336477137,0.010759631999988528,5.614799999875686e-05,0.013321065999988946,0.0033302664999972365,0.0050606396643414105,0.010759631999988528,5.614799999875686e-05,0,0,0,0,0,0,0,0,0,100,0,375.345336477137,0.0,54,227,91.0,76.20367445208925,5807.0,0,0,0,0,0,0,0,0,0.0,91.0,91.0,0,100,0,0,0,0,0,0,5,455,0,0,-1,-1,5,20,0,0,0,0,0,0,0,0
0.0,1,0,116,0,116.0,0,0.0,0.0,0.0,0.0,0.0,0.0,0.0,0.0,0.0,0,0,0,0,0,0,0,0,0,20,0,0.0,0.0,116,116,116.0,,,0,0,0,0,0,0,0,0,0.0,116.0,116.0,0,20,0,0,0,0,0,0,1,116,0,0,-1,-1,1,20,0,0,0,0,0,0,0,0
0.0,1,0,66,0,66.0,0,0.0,0.0,0.0,0.0,0.0,0.0,0.0,0.0,0.0,0,0,0,0,0,0,0,0,0,20,0,0.0,0.0,66,66,66.0,,,0,0,0,0,0,0,0,0,0.0,66.0,66.0,0,20,0,0,0,0,0,0,1,66,0,0,-1,-1,1,20,0,0,0,0,0,0,0,0
0.02374856699999839,5,0,537,0,107.4,0,22611.89064586661,210.53901904903734,0.02346564100000137,4.4633000001681467e-05,0.02374856699999839,0.005937141749999597,0.011685731059941291,0.02346564100000137,4.4633000001681467e-05,0,0,0,0,0,0,0,0,0,100,0,210.53901904903734,0.0,60,291,107.4,102.6683982537957,10540.800000000001,0,0,0,0,0,0,0,0,0.0,107.4,107.4,0,100,0,0,0,0,0,0,5,537,0,0,-1,-1,5,20,0,0,0,0,0,0,0,0
0.02373827399999584,5,0,455,0,91.0,0,19167.358165976166,210.63030951622162,0.012670224999993707,6.35400000703612e-06,0.02373827399999584,0.00593456849999896,0.006794950816727793,0.012670224999993707,6.35400000703612e-06,0,0,0,0,0,0,0,0,0,100,0,210.63030951622162,0.0,54,227,91.0,76.20367445208925,5807.0,0,0,0,0,0,0,0,0,0.0,91.0,91.0,0,100,0,0,0,0,0,0,5,455,0,0,-1,-1,5,20,0,0,0,0,0,0,0,0
0.0,1,0,116,0,116.0,0,0.0,0.0,0.0,0.0,0.0,0.0,0.0,0.0,0.0,0,0,0,0,0,0,0,0,0,20,0,0.0,0.0,116,116,116.0,,,0,0,0,0,0,0,0,0,0.0,116.0,116.0,0,20,0,0,0,0,0,0,1,116,0,0,-1,-1,1,20,0,0,0,0,0,0,0,0
0.0,1,0,66,0,66.0,0,0.0,0.0,0.0,0.0,0.0,0.0,0.0,0.0,0.0,0,0,0,0,0,0,0,0,0,20,0,0.0,0.0,66,66,66.0,,,0,0,0,0,0,0,0,0,0.0,66.0,66.0,0,20,0,0,0,0,0,0,1,66,0,0,-1,-1,1,20,0,0,0,0,0,0,0,0
0.02443877899999336,5,0,537,0,107.4,0,21973.27452407282,204.5928726636203,0.024237419999991516,2.1200000333010394e-07,0.02443877899999336,0.00610969474999834,0.012085520021093922,0.024237419999991516,2.1200000333010394e-07,0,0,0,0,0,0,0,0,0,100,0,204.5928726636203,0.0,60,291,107.4,102.6683982537957,10540.800000000001,0,0,0,0,0,0,0,0,0.0,107.4,107.4,0,100,0,0,0,0,0,0,5,537,0,0,-1,-1,5,20,0,0,0,0,0,0,0,0
0.024454125999994858,5,0,455,0,91.0,0,18606.267097834356,204.46447360257534,0.01278087800000094,4.987700000924633e-05,0.024454125999994858,0.0061135314999987145,0.0069356684710966164,0.01278087800000094,4.987700000924633e-05,0,0,0,0,0,0,0,0,0,100,0,204.46447360257534,0.0,54,227,91.0,76.20367445208925,5807.0,0,0,0,0,0,0,0,0,0.0,91.0,91.0,0,100,0,0,0,0,0,0,5,455,0,0,-1,-1,5,20,0,0,0,0,0,0,0,0
0.0,1,0,116,0,116.0,0,0.0,0.0,0.0,0.0,0.0,0.0,0.0,0.0,0.0,0,0,0,0,0,0,0,0,0,20,0,0.0,0.0,116,116,116.0,,,0,0,0,0,0,0,0,0,0.0,116.0,116.0,0,20,0,0,0,0,0,0,1,116,0,0,-1,-1,1,20,0,0,0,0,0,0,0,0
0.0,1,0,66,0,66.0,0,0.0,0.0,0.0,0.0,0.0,0.0,0.0,0.0,0.0,0,0,0,0,0,0,0,0,0,20,0,0.0,0.0,66,66,66.0,,,0,0,0,0,0,0,0,0,0.0,66.0,66.0,0,20,0,0,0,0,0,0,1,66,0,0,-1,-1,1,20,0,0,0,0,0,0,0,0
0.012282887999987224,5,0,537,0,107.4,0,43719.35981184218,407.0703893095175,0.012136894999997594,1.220000029888979e-07,0.012282887999987224,0.003070721999996806,0.006044505012026044,0.012136894999997594,1.220000029888979e-07,0,0,0,0,0,0,0,0,0,100,0,407.0703893095175,0.0,60,291,107.4,102.6683982537957,10540.800000000001,0,0,0,0,0,0,0,0,0.0,107.4,107.4,0,100,0,0,0,0,0,0,5,537,0,0,-1,-1,5,20,0,0,0,0,0,0,0,0
0.012278522000002567,5,0,455,0,91.0,0,37056.57733071659,407.21513550238006,0.010896169000005784,7.73399999332014e-06,0.012278522000002567,0.003069630500000642,0.00524611315896229,0.010896169000005784,7.73399999332014e-06,0,0,0,0,0,0,0,0,0,100,0,407.21513550238006,0.0,54,227,91.0,76.20367445208925,5807.0,0,0,0,0,0,0,0,0,0.0,91.0,91.0,0,100,0,0,0,0,0,0,5,455,0,0,-1,-1,5,20,0,0,0,0,0,0,0,0
0.0,1,0,116,0,116.0,0,0.0,0.0,0.0,0.0,0.0,0.0,0.0,0.0,0.0,0,0,0,0,0,0,0,0,0,20,0,0.0,0.0,116,116,116.0,,,0,0,0,0,0,0,0,0,0.0,116.0,116.0,0,20,0,0,0,0,0,0,1,116,0,0,-1,-1,1,20,0,0,0,0,0,0,0,0
0.0,1,0,66,0,66.0,0,0.0,0.0,0.0,0.0,0.0,0.0,0.0,0.0,0.0,0,0,0,0,0,0,0,0,0,20,0,0.0,0.0,66,66,66.0,,,0,0,0,0,0,0,0,0,0.0,66.0,66.0,0,20,0,0,0,0,0,0,1,66,0,0,-1,-1,1,20,0,0,0,0,0,0,0,0
0.049227681000004964,6,0,597,0,99.5,0,12127.323243196035,121.88264566026166,0.044753516000000104,1.5999999902760464e-07,0.049227681000004964,0.009845536200000993,0.019566208484480724,0.044753516000000104,1.5999999902760464e-07,0,0,0,0,0,0,0,0,0,120,0,121.88264566026166,0.0,60,291,99.5,93.84615069356867,8807.1,0,0,0,0,0,0,0,0,0.0,99.5,99.5,0,120,0,0,0,0,0,0,6,597,0,0,-1,-1,6,20,0,0,0,0,0,0,0,0
0.04802666500000896,5,0,455,0,91.0,0,9473.90371577779,104.10883204151416,0.04503323000000137,9.8299999962137e-06,0.04802666500000896,0.01200666625000224,0.02205362578143922,0.04503323000000137,9.8299999962137e-06,0,0,0,0,0,0,0,0,0,100,0,104.10883204151416,0.0,54,227,91.0,76.20367445208925,5807.0,0,0,0,0,0,0,0,0,0.0,91.0,91.0,0,100,0,0,0,0,0,0,5,455,0,0,-1,-1,5,20,0,0,0,0,0,0,0,0
0.0,1,0,116,0,116.0,0,0.0,0.0,0.0,0.0,0.0,0.0,0.0,0.0,0.0,0,0,0,0,0,0,0,0,0,20,0,0.0,0.0,116,116,116.0,,,0,0,0,0,0,0,0,0,0.0,116.0,116.0,0,20,0,0,0,0,0,0,1,116,0,0,-1,-1,1,20,0,0,0,0,0,0,0,0
0.0,1,0,66,0,66.0,0,0.0,0.0,0.0,0.0,0.0,0.0,0.0,0.0,0.0,0,0,0,0,0,0,0,0,0,20,0,0.0,0.0,66,66,66.0,,,0,0,0,0,0,0,0,0,0.0,66.0,66.0,0,20,0,0,0,0,0,0,1,66,0,0,-1,-1,1,20,0,0,0,0,0,0,0,0
0.0237407759999968,5,0,537,0,107.4,0,22619.31118005883,210.6081115461716,0.023494032000002107,1.5099999473022763e-07,0.0237407759999968,0.0059351939999992,0.011706467750194103,0.023494032000002107,1.5099999473022763e-07,0,0,0,0,0,0,0,0,0,100,0,210.6081115461716,0.0,60,291,107.4,102.6683982537957,10540.800000000001,0,0,0,0,0,0,0,0,0.0,107.4,107.4,0,100,0,0,0,0,0,0,5,537,0,0,-1,-1,5,20,0,0,0,0,0,0,0,0
0.02379736199999627,5,0,455,0,91.0,0,19119.766300150048,210.10732197967084,0.012537844999997105,5.777600000556049e-05,0.02379736199999627,0.005949340499999067,0.006720496737316363,0.012537844999997105,5.777600000556049e-05,0,0,0,0,0,0,0,0,0,100,0,210.10732197967084,0.0,54,227,91.0,76.20367445208925,5807.0,0,0,0,0,0,0,0,0,0.0,91.0,91.0,0,100,0,0,0,0,0,0,5,455,0,0,-1,-1,5,20,0,0,0,0,0,0,0,0
0.0,1,0,116,0,116.0,0,0.0,0.0,0.0,0.0,0.0,0.0,0.0,0.0,0.0,0,0,0,0,0,0,0,0,0,20,0,0.0,0.0,116,116,116.0,,,0,0,0,0,0,0,0,0,0.0,116.0,116.0,0,20,0,0,0,0,0,0,1,116,0,0,-1,-1,1,20,0,0,0,0,0,0,0,0
0.0,1,0,66,0,66.0,0,0.0,0.0,0.0,0.0,0.0,0.0,0.0,0.0,0.0,0,0,0,0,0,0,0,0,0,20,0,0.0,0.0,66,66,66.0,,,0,0,0,0,0,0,0,0,0.0,66.0,66.0,0,20,0,0,0,0,0,0,1,66,0,0,-1,-1,1,20,0,0,0,0,0,0,0,0
0.013650213000005351,5,0,537,0,107.4,0,39340.04546301142,366.2946504935886,0.013364432000003035,2.3799999837592622e-07,0.013650213000005351,0.003412553250001338,0.006635405534857656,0.013364432000003035,2.3799999837592622e-07,0,0,0,0,0,0,0,0,0,100,0,366.2946504935886,0.0,60,291,107.4,102.6683982537957,10540.800000000001,0,0,0,0,0,0,0,0,0.0,107.4,107.4,0,100,0,0,0,0,0,0,5,537,0,0,-1,-1,5,20,0,0,0,0,0,0,0,0
0.013624032999999258,5,0,455,0,91.0,0,33396.86567112872,366.9985238585573,0.011563123000001951,8.153699999979835e-05,0.013624032999999258,0.0034060082499998146,0.005488249320569783,0.011563123000001951,8.153699999979835e-05,0,0,0,0,0,0,0,0,0,100,0,366.9985238585573,0.0,54,227,91.0,76.20367445208925,5807.0,0,0,0,0,0,0,0,0,0.0,91.0,91.0,0,100,0,0,0,0,0,0,5,455,0,0,-1,-1,5,20,0,0,0,0,0,0,0,0
0.0,1,0,116,0,116.0,0,0.0,0.0,0.0,0.0,0.0,0.0,0.0,0.0,0.0,0,0,0,0,0,0,0,0,0,20,0,0.0,0.0,116,116,116.0,,,0,0,0,0,0,0,0,0,0.0,116.0,116.0,0,20,0,0,0,0,0,0,1,116,0,0,-1,-1,1,20,0,0,0,0,0,0,0,0
0.0,1,0,66,0,66.0,0,0.0,0.0,0.0,0.0,0.0,0.0,0.0,0.0,0.0,0,0,0,0,0,0,0,0,0,20,0,0.0,0.0,66,66,66.0,,,0,0,0,0,0,0,0,0,0.0,66.0,66.0,0,20,0,0,0,0,0,0,1,66,0,0,-1,-1,1,20,0,0,0,0,0,0,0,0
0.012420094999995968,5,0,537,0,107.4,0,43236.38426277531,402.5734102679266,0.012132176999998023,2.419999987068877e-07,0.012420094999995968,0.003105023749998992,0.006019031088089743,0.012132176999998023,2.419999987068877e-07,0,0,0,0,0,0,0,0,0,100,0,402.5734102679266,0.0,60,291,107.4,102.6683982537957,10540.800000000001,0,0,0,0,0,0,0,0,0.0,107.4,107.4,0,100,0,0,0,0,0,0,5,537,0,0,-1,-1,5,20,0,0,0,0,0,0,0,0
0.012385913000002802,5,0,455,0,91.0,0,36735.28144432284,403.6844114760752,0.010659724000007031,9.749999989594471e-06,0.012385913000002802,0.0030964782500007004,0.005082493495790943,0.010659724000007031,9.749999989594471e-06,0,0,0,0,0,0,0,0,0,100,0,403.6844114760752,0.0,54,227,91.0,76.20367445208925,5807.0,0,0,0,0,0,0,0,0,0.0,91.0,91.0,0,100,0,0,0,0,0,0,5,455,0,0,-1,-1,5,20,0,0,0,0,0,0,0,0
0.0,1,0,116,0,116.0,0,0.0,0.0,0.0,0.0,0.0,0.0,0.0,0.0,0.0,0,0,0,0,0,0,0,0,0,20,0,0.0,0.0,116,116,116.0,,,0,0,0,0,0,0,0,0,0.0,116.0,116.0,0,20,0,0,0,0,0,0,1,116,0,0,-1,-1,1,20,0,0,0,0,0,0,0,0
0.0,1,0,66,0,66.0,0,0.0,0.0,0.0,0.0,0.0,0.0,0.0,0.0,0.0,0,0,0,0,0,0,0,0,0,20,0,0.0,0.0,66,66,66.0,,,0,0,0,0,0,0,0,0,0.0,66.0,66.0,0,20,0,0,0,0,0,0,1,66,0,0,-1,-1,1,20,0,0,0,0,0,0,0,0
0.012750815999993392,5,0,537,0,107.4,0,42114.95170193643,392.1317663122573,0.0123805759999982,1.8100000431786611e-07,0.012750815999993392,0.003187703999998348,0.006129838273890219,0.0123805759999982,1.8100000431786611e-07,0,0,0,0,0,0,0,0,0,100,0,392.1317663122573,0.0,60,291,107.4,102.6683982537957,10540.800000000001,0,0,0,0,0,0,0,0,0.0,107.4,107.4,0,100,0,0,0,0,0,0,5,537,0,0,-1,-1,5,20,0,0,0,0,0,0,0,0
0.012726107999995406,5,0,455,0,91.0,0,35753.271935156,392.89309818852746,0.010761726999987786,9.132000002409768e-06,0.012726107999995406,0.0031815269999988516,0.0051049089909494085,0.010761726999987786,9.132000002409768e-06,0,0,0,0,0,0,0,0,0,100,0,392.89309818852746,0.0,54,227,91.0,76.20367445208925,5807.0,0,0,0,0,0,0,0,0,0.0,91.0,91.0,0,100,0,0,0,0,0,0,5,455,0,0,-1,-1,5,20,0,0,0,0,0,0,0,0
0.0,1,0,116,0,116.0,0,0.0,0.0,0.0,0.0,0.0,0.0,0.0,0.0,0.0,0,0,0,0,0,0,0,0,0,20,0,0.0,0.0,116,116,116.0,,,0,0,0,0,0,0,0,0,0.0,116.0,116.0,0,20,0,0,0,0,0,0,1,116,0,0,-1,-1,1,20,0,0,0,0,0,0,0,0
0.0,1,0,66,0,66.0,0,0.0,0.0,0.0,0.0,0.0,0.0,0.0,0.0,0.0,0,0,0,0,0,0,0,0,0,20,0,0.0,0.0,66,66,66.0,,,0,0,0,0,0,0,0,0,0.0,66.0,66.0,0,20,0,0,0,0,0,0,1,66,0,0,-1,-1,1,20,0,0,0,0,0,0,0,0
0.011980593999993516,5,0,537,0,107.4,0,44822.48542937776,417.34157755472773,0.011552192999999988,9.018900000512531e-05,0.011980593999993516,0.002995148499998379,0.005705047195562584,0.011552192999999988,9.018900000512531e-05,0,0,0,0,0,0,0,0,0,100,0,417.34157755472773,0.0,60,291,107.4,102.6683982537957,10540.800000000001,0,0,0,0,0,0,0,0,0.0,107.4,107.4,0,100,0,0,0,0,0,0,5,537,0,0,-1,-1,5,20,0,0,0,0,0,0,0,0
0.011950747000000206,5,0,455,0,91.0,0,38072.933850912596,418.383888471567,0.010580756999999608,8.104000002617795e-06,0.011950747000000206,0.0029876867500000515,0.005082033119222952,0.010580756999999608,8.104000002617795e-06,0,0,0,0,0,0,0,0,0,100,0,418.383888471567,0.0,54,227,91.0,76.20367445208925,5807.0,0,0,0,0,0,0,0,0,0.0,91.0,91.0,0,100,0,0,0,0,0,0,5,455,0,0,-1,-1,5,20,0,0,0,0,0,0,0,0
0.0,1,0,116,0,116.0,0,0.0,0.0,0.0,0.0,0.0,0.0,0.0,0.0,0.0,0,0,0,0,0,0,0,0,0,20,0,0.0,0.0,116,116,116.0,,,0,0,0,0,0,0,0,0,0.0,116.0,116.0,0,20,0,0,0,0,0,0,1,116,0,0,-1,-1,1,20,0,0,0,0,0,0,0,0
0.0,1,0,66,0,66.0,0,0.0,0.0,0.0,0.0,0.0,0.0,0.0,0.0,0.0,0,0,0,0,0,0,0,0,0,20,0,0.0,0.0,66,66,66.0,,,0,0,0,0,0,0,0,0,0.0,66.0,66.0,0,20,0,0,0,0,0,0,1,66,0,0,-1,-1,1,20,0,0,0,0,0,0,0,0
0.015237173000002713,5,0,537,0,107.4,0,35242.7579577855,328.1448599421369,0.015039905999998382,1.1900000629339047e-07,0.015237173000002713,0.003809293250000678,0.007487650445158034,0.015039905999998382,1.1900000629339047e-07,0,0,0,0,0,0,0,0,0,100,0,328.1448599421369,0.0,60,291,107.4,102.6683982537957,10540.800000000001,0,0,0,0,0,0,0,0,0.0,107.4,107.4,0,100,0,0,0,0,0,0,5,537,0,0,-1,-1,5,20,0,0,0,0,0,0,0,0
0.015243961999999556,5,0,455,0,91.0,0,29847.883378350933,327.99871844341686,0.013342695999995158,1.6723000001661603e-05,0.015243961999999556,0.003810990499999889,0.006398234721627172,0.013342695999995158,1.6723000001661603e-05,0,0,0,0,0,0,0,0,0,100,0,327.99871844341686,0.0,54,227,91.0,76.20367445208925,5807.0,0,0,0,0,0,0,0,0,0.0,91.0,91.0,0,100,0,0,0,0,0,0,5,455,0,0,-1,-1,5,20,0,0,0,0,0,0,0,0
0.0,1,0,116,0,116.0,0,0.0,0.0,0.0,0.0,0.0,0.0,0.0,0.0,0.0,0,0,0,0,0,0,0,0,0,20,0,0.0,0.0,116,116,116.0,,,0,0,0,0,0,0,0,0,0.0,116.0,116.0,0,20,0,0,0,0,0,0,1,116,0,0,-1,-1,1,20,0,0,0,0,0,0,0,0
0.0,1,0,66,0,66.0,0,0.0,0.0,0.0,0.0,0.0,0.0,0.0,0.0,0.0,0,0,0,0,0,0,0,0,0,20,0,0.0,0.0,66,66,66.0,,,0,0,0,0,0,0,0,0,0.0,66.0,66.0,0,20,0,0,0,0,0,0,1,66,0,0,-1,-1,1,20,0,0,0,0,0,0,0,0
0.013835247999992362,5,0,537,0,107.4,0,38813.904889908474,361.39576247587036,0.013604489000002218,1.1599999538702832e-07,0.013835247999992362,0.0034588119999980904,0.006764164331373167,0.013604489000002218,1.1599999538702832e-07,0,0,0,0,0,0,0,0,0,100,0,361.39576247587036,0.0,60,291,107.4,102.6683982537957,10540.800000000001,0,0,0,0,0,0,0,0,0.0,107.4,107.4,0,100,0,0,0,0,0,0,5,537,0,0,-1,-1,5,20,0,0,0,0,0,0,0,0
0.013824338999995689,5,0,455,0,91.0,0,32912.96603766313,361.6809454688256,0.011416326000002641,5.812499999535703e-05,0.013824338999995689,0.0034560847499989222,0.005395661554062281,0.011416326000002641,5.812499999535703e-05,0,0,0,0,0,0,0,0,0,100,0,361.6809454688256,0.0,54,227,91.0,76.20367445208925,5807.0,0,0,0,0,0,0,0,0,0.0,91.0,91.0,0,100,0,0,0,0,0,0,5,455,0,0,-1,-1,5,20,0,0,0,0,0,0,0,0
0.0,1,0,116,0,116.0,0,0.0,0.0,0.0,0.0,0.0,0.0,0.0,0.0,0.0,0,0,0,0,0,0,0,0,0,20,0,0.0,0.0,116,116,116.0,,,0,0,0,0,0,0,0,0,0.0,116.0,116.0,0,20,0,0,0,0,0,0,1,116,0,0,-1,-1,1,20,0,0,0,0,0,0,0,0
0.0,1,0,66,0,66.0,0,0.0,0.0,0.0,0.0,0.0,0.0,0.0,0.0,0.0,0,0,0,0,0,0,0,0,0,20,0,0.0,0.0,66,66,66.0,,,0,0,0,0,0,0,0,0,0.0,66.0,66.0,0,20,0,0,0,0,0,0,1,66,0,0,-1,-1,1,20,0,0,0,0,0,0,0,0
0.013404285999996546,5,0,537,0,107.4,0,40061.813064876296,373.01501922603626,0.012728034999994975,4.766300000369483e-05,0.013404285999996546,0.0033510714999991364,0.006254260142956115,0.012728034999994975,4.766300000369483e-05,0,0,0,0,0,0,0,0,0,100,0,373.01501922603626,0.0,60,291,107.4,102.6683982537957,10540.800000000001,0,0,0,0,0,0,0,0,0.0,107.4,107.4,0,100,0,0,0,0,0,0,5,537,0,0,-1,-1,5,20,0,0,0,0,0,0,0,0
0.01338666800000965,5,0,455,0,91.0,0,33989.0404393141,373.50593889356156,0.010972374000004947,6.983999995213708e-06,0.01338666800000965,0.0033466670000024124,0.005185642549087875,0.010972374000004947,6.983999995213708e-06,0,0,0,0,0,0,0,0,0,100,0,373.50593889356156,0.0,54,227,91.0,76.20367445208925,5807.0,0,0,0,0,0,0,0,0,0.0,91.0,91.0,0,100,0,0,0,0,0,0,5,455,0,0,-1,-1,5,20,0,0,0,0,0,0,0,0
0.0,1,0,116,0,116.0,0,0.0,0.0,0.0,0.0,0.0,0.0,0.0,0.0,0.0,0,0,0,0,0,0,0,0,0,20,0,0.0,0.0,116,116,116.0,,,0,0,0,0,0,0,0,0,0.0,116.0,116.0,0,20,0,0,0,0,0,0,1,116,0,0,-1,-1,1,20,0,0,0,0,0,0,0,0
0.0,1,0,66,0,66.0,0,0.0,0.0,0.0,0.0,0.0,0.0,0.0,0.0,0.0,0,0,0,0,0,0,0,0,0,20,0,0.0,0.0,66,66,66.0,,,0,0,0,0,0,0,0,0,0.0,66.0,66.0,0,20,0,0,0,0,0,0,1,66,0,0,-1,-1,1,20,0,0,0,0,0,0,0,0
0.014460069999998382,5,0,537,0,107.4,0,37136.749683788534,345.779792214046,0.013998567000001572,1.5199999836568168e-07,0.014460069999998382,0.0036150174999995954,0.006923234108953611,0.013998567000001572,1.5199999836568168e-07,0,0,0,0,0,0,0,0,0,100,0,345.779792214046,0.0,60,291,107.4,102.6683982537957,10540.800000000001,0,0,0,0,0,0,0,0,0.0,107.4,107.4,0,100,0,0,0,0,0,0,5,537,0,0,-1,-1,5,20,0,0,0,0,0,0,0,0
0.014449859999999148,5,0,455,0,91.0,0,31488.194349289668,346.0241137284579,0.012804248999998435,9.065000000418877e-06,0.014449859999999148,0.003612464999999787,0.006156512919653862,0.012804248999998435,9.065000000418877e-06,0,0,0,0,0,0,0,0,0,100,0,346.0241137284579,0.0,54,227,91.0,76.20367445208925,5807.0,0,0,0,0,0,0,0,0,0.0,91.0,91.0,0,100,0,0,0,0,0,0,5,455,0,0,-1,-1,5,20,0,0,0,0,0,0,0,0
0.0,1,0,116,0,116.0,0,0.0,0.0,0.0,0.0,0.0,0.0,0.0,0.0,0.0,0,0,0,0,0,0,0,0,0,20,0,0.0,0.0,116,116,116.0,,,0,0,0,0,0,0,0,0,0.0,116.0,116.0,0,20,0,0,0,0,0,0,1,116,0,0,-1,-1,1,20,0,0,0,0,0,0,0,0
0.0,1,0,66,0,66.0,0,0.0,0.0,0.0,0.0,0.0,0.0,0.0,0.0,0.0,0,0,0,0,0,0,0,0,0,20,0,0.0,0.0,66,66,66.0,,,0,0,0,0,0,0,0,0,0.0,66.0,66.0,0,20,0,0,0,0,0,0,1,66,0,0,-1,-1,1,20,0,0,0,0,0,0,0,0
0.012332798000002754,5,0,537,0,107.4,0,43542.43051737976,405.4230029551188,0.012137668999997686,1.9100001225069718e-07,0.012332798000002754,0.0030831995000006884,0.006037009545490403,0.012137668999997686,1.9100001225069718e-07,0,0,0,0,0,0,0,0,0,100,0,405.4230029551188,0.0,60,291,107.4,102.6683982537957,10540.800000000001,0,0,0,0,0,0,0,0,0.0,107.4,107.4,0,100,0,0,0,0,0,0,5,537,0,0,-1,-1,5,20,0,0,0,0,0,0,0,0
0.012332447000005686,5,0,455,0,91.0,0,36894.543313244336,405.43454190378395,0.01064412400000947,8.794999999395259e-06,0.012332447000005686,0.0030831117500014216,0.005082669513593698,0.01064412400000947,8.794999999395259e-06,0,0,0,0,0,0,0,0,0,100,0,405.43454190378395,0.0,54,227,91.0,76.20367445208925,5807.0,0,0,0,0,0,0,0,0,0.0,91.0,91.0,0,100,0,0,0,0,0,0,5,455,0,0,-1,-1,5,20,0,0,0,0,0,0,0,0
0.0,1,0,116,0,116.0,0,0.0,0.0,0.0,0.0,0.0,0.0,0.0,0.0,0.0,0,0,0,0,0,0,0,0,0,20,0,0.0,0.0,116,116,116.0,,,0,0,0,0,0,0,0,0,0.0,116.0,116.0,0,20,0,0,0,0,0,0,1,116,0,0,-1,-1,1,20,0,0,0,0,0,0,0,0
0.0,1,0,66,0,66.0,0,0.0,0.0,0.0,0.0,0.0,0.0,0.0,0.0,0.0,0,0,0,0,0,0,0,0,0,20,0,0.0,0.0,66,66,66.0,,,0,0,0,0,0,0,0,0,0.0,66.0,66.0,0,20,0,0,0,0,0,0,1,66,0,0,-1,-1,1,20,0,0,0,0,0,0,0,0
0.012775163000000589,5,0,537,0,107.4,0,42034.68871590721,391.3844386955978,0.012496550999998135,4.3000000005122274e-07,0.012775163000000589,0.0031937907500001472,0.006202684752694178,0.012496550999998135,4.3000000005122274e-07,0,0,0,0,0,0,0,0,0,100,0,391.3844386955978,0.0,60,291,107.4,102.6683982537957,10540.800000000001,0,0,0,0,0,0,0,0,0.0,107.4,107.4,0,100,0,0,0,0,0,0,5,537,0,0,-1,-1,5,20,0,0,0,0,0,0,0,0
0.012751940000001127,5,0,455,0,91.0,0,35680.84542430091,392.09720246484517,0.010406282000005262,1.9617000006633134e-05,0.012751940000001127,0.003187985000000282,0.004897476585441063,0.010406282000005262,1.9617000006633134e-05,0,0,0,0,0,0,0,0,0,100,0,392.09720246484517,0.0,54,227,91.0,76.20367445208925,5807.0,0,0,0,0,0,0,0,0,0.0,91.0,91.0,0,100,0,0,0,0,0,0,5,455,0,0,-1,-1,5,20,0,0,0,0,0,0,0,0
0.0,1,0,116,0,116.0,0,0.0,0.0,0.0,0.0,0.0,0.0,0.0,0.0,0.0,0,0,0,0,0,0,0,0,0,20,0,0.0,0.0,116,116,116.0,,,0,0,0,0,0,0,0,0,0.0,116.0,116.0,0,20,0,0,0,0,0,0,1,116,0,0,-1,-1,1,20,0,0,0,0,0,0,0,0
0.0,1,0,66,0,66.0,0,0.0,0.0,0.0,0.0,0.0,0.0,0.0,0.0,0.0,0,0,0,0,0,0,0,0,0,20,0,0.0,0.0,66,66,66.0,,,0,0,0,0,0,0,0,0,0.0,66.0,66.0,0,20,0,0,0,0,0,0,1,66,0,0,-1,-1,1,20,0,0,0,0,0,0,0,0
0.01234745700000417,5,0,537,0,107.4,0,43490.73659457317,404.9416815137167,0.012055902000000174,2.0800000299914245e-07,0.01234745700000417,0.0030868642500010424,0.005980195156793289,0.012055902000000174,2.0800000299914245e-07,0,0,0,0,0,0,0,0,0,100,0,404.9416815137167,0.0,60,291,107.4,102.6683982537957,10540.800000000001,0,0,0,0,0,0,0,0,0.0,107.4,107.4,0,100,0,0,0,0,0,0,5,537,0,0,-1,-1,5,20,0,0,0,0,0,0,0,0
0.01233252999999479,5,0,455,0,91.0,0,36894.29500679846,405.43181326152154,0.010809965999996507,7.60799999000028e-06,0.01233252999999479,0.0030831324999986975,0.005179741399457942,0.010809965999996507,7.60799999000028e-06,0,0,0,0,0,0,0,0,0,100,0,405.43181326152154,0.0,54,227,91.0,76.20367445208925,5807.0,0,0,0,0,0,0,0,0,0.0,91.0,91.0,0,100,0,0,0,0,0,0,5,455,0,0,-1,-1,5,20,0,0,0,0,0,0,0,0
0.0,1,0,116,0,116.0,0,0.0,0.0,0.0,0.0,0.0,0.0,0.0,0.0,0.0,0,0,0,0,0,0,0,0,0,20,0,0.0,0.0,116,116,116.0,,,0,0,0,0,0,0,0,0,0.0,116.0,116.0,0,20,0,0,0,0,0,0,1,116,0,0,-1,-1,1,20,0,0,0,0,0,0,0,0
0.0,1,0,66,0,66.0,0,0.0,0.0,0.0,0.0,0.0,0.0,0.0,0.0,0.0,0,0,0,0,0,0,0,0,0,20,0,0.0,0.0,66,66,66.0,,,0,0,0,0,0,0,0,0,0.0,66.0,66.0,0,20,0,0,0,0,0,0,1,66,0,0,-1,-1,1,20,0,0,0,0,0,0,0,0
0.016056536999997206,5,0,537,0,107.4,0,33444.32239654749,311.39964987474383,0.015306191999997054,4.4300000467956124e-07,0.016056536999997206,0.004014134249999302,0.007531751851545963,0.015306191999997054,4.4300000467956124e-07,0,0,0,0,0,0,0,0,0,100,0,311.39964987474383,0.0,60,291,107.4,102.6683982537957,10540.800000000001,0,0,0,0,0,0,0,0,0.0,107.4,107.4,0,100,0,0,0,0,0,0,5,537,0,0,-1,-1,5,20,0,0,0,0,0,0,0,0
0.01602203199999508,5,0,455,0,91.0,0,28398.39540952981,312.07027922560235,0.011344002999990721,3.3218999988093856e-05,0.01602203199999508,0.00400550799999877,0.005204999626461082,0.011344002999990721,3.3218999988093856e-05,0,0,0,0,0,0,0,0,0,100,0,312.07027922560235,0.0,54,227,91.0,76.20367445208925,5807.0,0,0,0,0,0,0,0,0,0.0,91.0,91.0,0,100,0,0,0,0,0,0,5,455,0,0,-1,-1,5,20,0,0,0,0,0,0,0,0
0.0,1,0,116,0,116.0,0,0.0,0.0,0.0,0.0,0.0,0.0,0.0,0.0,0.0,0,0,0,0,0,0,0,0,0,20,0,0.0,0.0,116,116,116.0,,,0,0,0,0,0,0,0,0,0.0,116.0,116.0,0,20,0,0,0,0,0,0,1,116,0,0,-1,-1,1,20,0,0,0,0,0,0,0,0
0.0,1,0,66,0,66.0,0,0.0,0.0,0.0,0.0,0.0,0.0,0.0,0.0,0.0,0,0,0,0,0,0,0,0,0,20,0,0.0,0.0,66,66,66.0,,,0,0,0,0,0,0,0,0,0.0,66.0,66.0,0,20,0,0,0,0,0,0,1,66,0,0,-1,-1,1,20,0,0,0,0,0,0,0,0
0.017428628000004665,5,0,537,0,107.4,0,30811.3753991339,286.88431470329516,0.017149893000009797,8.29999891038824e-08,0.017428628000004665,0.004357157000001166,0.008529051857042417,0.017149893000009797,8.29999891038824e-08,0,0,0,0,0,0,0,0,0,100,0,286.88431470329516,0.0,60,291,107.4,102.6683982537957,10540.800000000001,0,0,0,0,0,0,0,0,0.0,107.4,107.4,0,100,0,0,0,0,0,0,5,537,0,0,-1,-1,5,20,0,0,0,0,0,0,0,0
0.017411289999998303,5,0,455,0,91.0,0,26132.469219687016,287.169991425132,0.010840186999999446,6.460000008701172e-06,0.017411289999998303,0.004352822499999576,0.005223466631233664,0.010840186999999446,6.460000008701172e-06,0,0,0,0,0,0,0,0,0,100,0,287.169991425132,0.0,54,227,91.0,76.20367445208925,5807.0,0,0,0,0,0,0,0,0,0.0,91.0,91.0,0,100,0,0,0,0,0,0,5,455,0,0,-1,-1,5,20,0,0,0,0,0,0,0,0
0.0,1,0,116,0,116.0,0,0.0,0.0,0.0,0.0,0.0,0.0,0.0,0.0,0.0,0,0,0,0,0,0,0,0,0,20,0,0.0,0.0,116,116,116.0,,,0,0,0,0,0,0,0,0,0.0,116.0,116.0,0,20,0,0,0,0,0,0,1,116,0,0,-1,-1,1,20,0,0,0,0,0,0,0,0
0.0,1,0,66,0,66.0,0,0.0,0.0,0.0,0.0,0.0,0.0,0.0,0.0,0.0,0,0,0,0,0,0,0,0,0,20,0,0.0,0.0,66,66,66.0,,,0,0,0,0,0,0,0,0,0.0,66.0,66.0,0,20,0,0,0,0,0,0,1,66,0,0,-1,-1,1,20,0,0,0,0,0,0,0,0
0.013105172000010157,5,0,537,0,107.4,0,40976.18863755347,381.5287582639987,0.012734260000001996,1.720000000204891e-07,0.013105172000010157,0.003276293000002539,0.006306367690286156,0.012734260000001996,1.720000000204891e-07,0,0,0,0,0,0,0,0,0,100,0,381.5287582639987,0.0,60,291,107.4,102.6683982537957,10540.800000000001,0,0,0,0,0,0,0,0,0.0,107.4,107.4,0,100,0,0,0,0,0,0,5,537,0,0,-1,-1,5,20,0,0,0,0,0,0,0,0
0.013089717999989148,5,0,455,0,91.0,0,34760.10713144296,381.9791992466259,0.010910673999987353,6.839699999261484e-05,0.013089717999989148,0.003272429499997287,0.00515181785868346,0.010910673999987353,6.839699999261484e-05,0,0,0,0,0,0,0,0,0,100,0,381.9791992466259,0.0,54,227,91.0,76.20367445208925,5807.0,0,0,0,0,0,0,0,0,0.0,91.0,91.0,0,100,0,0,0,0,0,0,5,455,0,0,-1,-1,5,20,0,0,0,0,0,0,0,0
0.0,1,0,116,0,116.0,0,0.0,0.0,0.0,0.0,0.0,0.0,0.0,0.0,0.0,0,0,0,0,0,0,0,0,0,20,0,0.0,0.0,116,116,116.0,,,0,0,0,0,0,0,0,0,0.0,116.0,116.0,0,20,0,0,0,0,0,0,1,116,0,0,-1,-1,1,20,0,0,0,0,0,0,0,0
0.0,1,0,66,0,66.0,0,0.0,0.0,0.0,0.0,0.0,0.0,0.0,0.0,0.0,0,0,0,0,0,0,0,0,0,20,0,0.0,0.0,66,66,66.0,,,0,0,0,0,0,0,0,0,0.0,66.0,66.0,0,20,0,0,0,0,0,0,1,66,0,0,-1,-1,1,20,0,0,0,0,0,0,0,0
0.025590471000015214,5,0,537,0,107.4,0,20984.373441179756,195.3852275715061,0.02514622099999997,3.8900000731700857e-07,0.025590471000015214,0.006397617750003803,0.012500175171445757,0.02514622099999997,3.8900000731700857e-07,0,0,0,0,0,0,0,0,0,100,0,195.3852275715061,0.0,60,291,107.4,102.6683982537957,10540.800000000001,0,0,0,0,0,0,0,0,0.0,107.4,107.4,0,100,0,0,0,0,0,0,5,537,0,0,-1,-1,5,20,0,0,0,0,0,0,0,0
0.02555949300000293,5,0,455,0,91.0,0,17801.605063134382,195.6220336608174,0.02310824500000308,1.5452999974741033e-05,0.02555949300000293,0.006389873250000733,0.011180108223403604,0.02310824500000308,1.5452999974741033e-05,0,0,0,0,0,0,0,0,0,100,0,195.6220336608174,0.0,54,227,91.0,76.20367445208925,5807.0,0,0,0,0,0,0,0,0,0.0,91.0,91.0,0,100,0,0,0,0,0,0,5,455,0,0,-1,-1,5,20,0,0,0,0,0,0,0,0
0.0,1,0,116,0,116.0,0,0.0,0.0,0.0,0.0,0.0,0.0,0.0,0.0,0.0,0,0,0,0,0,0,0,0,0,20,0,0.0,0.0,116,116,116.0,,,0,0,0,0,0,0,0,0,0.0,116.0,116.0,0,20,0,0,0,0,0,0,1,116,0,0,-1,-1,1,20,0,0,0,0,0,0,0,0
0.0,1,0,66,0,66.0,0,0.0,0.0,0.0,0.0,0.0,0.0,0.0,0.0,0.0,0,0,0,0,0,0,0,0,0,20,0,0.0,0.0,66,66,66.0,,,0,0,0,0,0,0,0,0,0.0,66.0,66.0,0,20,0,0,0,0,0,0,1,66,0,0,-1,-1,1,20,0,0,0,0,0,0,0,0
0.013929813000004287,5,0,537,0,107.4,0,38550.4098296104,358.94236340419366,0.013616213000005928,3.6000000136482413e-07,0.013929813000004287,0.003482453250001072,0.006757445675853138,0.013616213000005928,3.6000000136482413e-07,0,0,0,0,0,0,0,0,0,100,0,358.94236340419366,0.0,60,291,107.4,102.6683982537957,10540.800000000001,0,0,0,0,0,0,0,0,0.0,107.4,107.4,0,100,0,0,0,0,0,0,5,537,0,0,-1,-1,5,20,0,0,0,0,0,0,0,0
0.013933657999984916,5,0,455,0,91.0,0,32654.741490030297,358.84331307725597,0.010875760000004675,2.52140000043255e-05,0.013933657999984916,0.003483414499996229,0.005070736586847989,0.010875760000004675,2.52140000043255e-05,0,0,0,0,0,0,0,0,0,100,0,358.84331307725597,0.0,54,227,91.0,76.20367445208925,5807.0,0,0,0,0,0,0,0,0,0.0,91.0,91.0,0,100,0,0,0,0,0,0,5,455,0,0,-1,-1,5,20,0,0,0,0,0,0,0,0
0.0,1,0,116,0,116.0,0,0.0,0.0,0.0,0.0,0.0,0.0,0.0,0.0,0.0,0,0,0,0,0,0,0,0,0,20,0,0.0,0.0,116,116,116.0,,,0,0,0,0,0,0,0,0,0.0,116.0,116.0,0,20,0,0,0,0,0,0,1,116,0,0,-1,-1,1,20,0,0,0,0,0,0,0,0
0.0,1,0,66,0,66.0,0,0.0,0.0,0.0,0.0,0.0,0.0,0.0,0.0,0.0,0,0,0,0,0,0,0,0,0,20,0,0.0,0.0,66,66,66.0,,,0,0,0,0,0,0,0,0,0.0,66.0,66.0,0,20,0,0,0,0,0,0,1,66,0,0,-1,-1,1,20,0,0,0,0,0,0,0,0
0.013066856000023108,5,0,537,0,107.4,0,41096.34329781015,382.64751673938684,0.012806681000000708,4.3718000000581014e-05,0.013066856000023108,0.003266714000005777,0.006360089438239492,0.012806681000000708,4.3718000000581014e-05,0,0,0,0,0,0,0,0,0,100,0,382.64751673938684,0.0,60,291,107.4,102.6683982537957,10540.800000000001,0,0,0,0,0,0,0,0,0.0,107.4,107.4,0,100,0,0,0,0,0,0,5,537,0,0,-1,-1,5,20,0,0,0,0,0,0,0,0
0.013048325999989174,5,0,455,0,91.0,0,34870.37341038057,383.1909165975887,0.011032796999984384,6.1659999914809305e-06,0.013048325999989174,0.0032620814999972936,0.005247776445389104,0.011032796999984384,6.1659999914809305e-06,0,0,0,0,0,0,0,0,0,100,0,383.1909165975887,0.0,54,227,91.0,76.20367445208925,5807.0,0,0,0,0,0,0,0,0,0.0,91.0,91.0,0,100,0,0,0,0,0,0,5,455,0,0,-1,-1,5,20,0,0,0,0,0,0,0,0
0.0,1,0,116,0,116.0,0,0.0,0.0,0.0,0.0,0.0,0.0,0.0,0.0,0.0,0,0,0,0,0,0,0,0,0,20,0,0.0,0.0,116,116,116.0,,,0,0,0,0,0,0,0,0,0.0,116.0,116.0,0,20,0,0,0,0,0,0,1,116,0,0,-1,-1,1,20,0,0,0,0,0,0,0,0
0.0,1,0,66,0,66.0,0,0.0,0.0,0.0,0.0,0.0,0.0,0.0,0.0,0.0,0,0,0,0,0,0,0,0,0,20,0,0.0,0.0,66,66,66.0,,,0,0,0,0,0,0,0,0,0.0,66.0,66.0,0,20,0,0,0,0,0,0,1,66,0,0,-1,-1,1,20,0,0,0,0,0,0,0,0
0.015419755000010582,5,0,537,0,107.4,0,34825.45604645673,324.25936728544445,0.015090310999994472,1.3600001125269046e-07,0.015419755000010582,0.0038549387500026455,0.00749082684875769,0.015090310999994472,1.3600001125269046e-07,0,0,0,0,0,0,0,0,0,100,0,324.25936728544445,0.0,60,291,107.4,102.6683982537957,10540.800000000001,0,0,0,0,0,0,0,0,0.0,107.4,107.4,0,100,0,0,0,0,0,0,5,537,0,0,-1,-1,5,20,0,0,0,0,0,0,0,0
0.015411408000005622,5,0,455,0,91.0,0,29523.584087828574,324.4349899761382,0.01228478199999472,1.61060000039015e-05,0.015411408000005622,0.0038528520000014055,0.005758054846367371,0.01228478199999472,1.61060000039015e-05,0,0,0,0,0,0,0,0,0,100,0,324.4349899761382,0.0,54,227,91.0,76.20367445208925,5807.0,0,0,0,0,0,0,0,0,0.0,91.0,91.0,0,100,0,0,0,0,0,0,5,455,0,0,-1,-1,5,20,0,0,0,0,0,0,0,0
0.0,1,0,116,0,116.0,0,0.0,0.0,0.0,0.0,0.0,0.0,0.0,0.0,0.0,0,0,0,0,0,0,0,0,0,20,0,0.0,0.0,116,116,116.0,,,0,0,0,0,0,0,0,0,0.0,116.0,116.0,0,20,0,0,0,0,0,0,1,116,0,0,-1,-1,1,20,0,0,0,0,0,0,0,0
0.0,1,0,66,0,66.0,0,0.0,0.0,0.0,0.0,0.0,0.0,0.0,0.0,0.0,0,0,0,0,0,0,0,0,0,20,0,0.0,0.0,66,66,66.0,,,0,0,0,0,0,0,0,0,0.0,66.0,66.0,0,20,0,0,0,0,0,0,1,66,0,0,-1,-1,1,20,0,0,0,0,0,0,0,0
0.0418872309999756,5,0,537,0,107.4,0,12820.136045763275,119.3681196067344,0.04159581000001822,1.919999874644418e-07,0.0418872309999756,0.0104718077499939,0.02074978772636182,0.04159581000001822,1.919999874644418e-07,0,0,0,0,0,0,0,0,0,100,0,119.3681196067344,0.0,60,291,107.4,102.6683982537957,10540.800000000001,0,0,0,0,0,0,0,0,0.0,107.4,107.4,0,100,0,0,0,0,0,0,5,537,0,0,-1,-1,5,20,0,0,0,0,0,0,0,0
0.04189069200000972,5,0,455,0,91.0,0,10861.601426872929,119.35825743816406,0.029035343000003877,8.588000014242425e-06,0.04189069200000972,0.01047267300000243,0.013686872657304628,0.029035343000003877,8.588000014242425e-06,0,0,0,0,0,0,0,0,0,100,0,119.35825743816406,0.0,54,227,91.0,76.20367445208925,5807.0,0,0,0,0,0,0,0,0,0.0,91.0,91.0,0,100,0,0,0,0,0,0,5,455,0,0,-1,-1,5,20,0,0,0,0,0,0,0,0
0.0,1,0,116,0,116.0,0,0.0,0.0,0.0,0.0,0.0,0.0,0.0,0.0,0.0,0,0,0,0,0,0,0,0,0,20,0,0.0,0.0,116,116,116.0,,,0,0,0,0,0,0,0,0,0.0,116.0,116.0,0,20,0,0,0,0,0,0,1,116,0,0,-1,-1,1,20,0,0,0,0,0,0,0,0
0.0,1,0,66,0,66.0,0,0.0,0.0,0.0,0.0,0.0,0.0,0.0,0.0,0.0,0,0,0,0,0,0,0,0,0,20,0,0.0,0.0,66,66,66.0,,,0,0,0,0,0,0,0,0,0.0,66.0,66.0,0,20,0,0,0,0,0,0,1,66,0,0,-1,-1,1,20,0,0,0,0,0,0,0,0
0.047755883999997195,6,0,597,0,99.5,0,12501.077354154622,125.63896838346353,0.04679069499999855,0.00016276799999559444,0.047755883999997195,0.00955117679999944,0.02081765086774694,0.04679069499999855,0.00016276799999559444,0,0,0,0,0,0,0,0,0,120,0,125.63896838346353,0.0,60,291,99.5,93.84615069356867,8807.1,0,0,0,0,0,0,0,0,0.0,99.5,99.5,0,120,0,0,0,0,0,0,6,597,0,0,-1,-1,6,20,0,0,0,0,0,0,0,0
0.04757745000000568,5,0,455,0,91.0,0,9563.354067944912,105.09180294444958,0.04123789299998748,7.225999979709741e-06,0.04757745000000568,0.01189436250000142,0.019744462197102006,0.04123789299998748,7.225999979709741e-06,0,0,0,0,0,0,0,0,0,100,0,105.09180294444958,0.0,54,227,91.0,76.20367445208925,5807.0,0,0,0,0,0,0,0,0,0.0,91.0,91.0,0,100,0,0,0,0,0,0,5,455,0,0,-1,-1,5,20,0,0,0,0,0,0,0,0
0.0,1,0,116,0,116.0,0,0.0,0.0,0.0,0.0,0.0,0.0,0.0,0.0,0.0,0,0,0,0,0,0,0,0,0,20,0,0.0,0.0,116,116,116.0,,,0,0,0,0,0,0,0,0,0.0,116.0,116.0,0,20,0,0,0,0,0,0,1,116,0,0,-1,-1,1,20,0,0,0,0,0,0,0,0
0.0,1,0,66,0,66.0,0,0.0,0.0,0.0,0.0,0.0,0.0,0.0,0.0,0.0,0,0,0,0,0,0,0,0,0,20,0,0.0,0.0,66,66,66.0,,,0,0,0,0,0,0,0,0,0.0,66.0,66.0,0,20,0,0,0,0,0,0,1,66,0,0,-1,-1,1,20,0,0,0,0,0,0,0,0
0.030199355999997124,5,0,537,0,107.4,0,17781.83614246778,165.56644452949513,0.029964425999992272,1.1700001323333709e-07,0.030199355999997124,0.007549838999999281,0.014943466843438979,0.029964425999992272,1.1700001323333709e-07,0,0,0,0,0,0,0,0,0,100,0,165.56644452949513,0.0,60,291,107.4,102.6683982537957,10540.800000000001,0,0,0,0,0,0,0,0,0.0,107.4,107.4,0,100,0,0,0,0,0,0,5,537,0,0,-1,-1,5,20,0,0,0,0,0,0,0,0
0.030207661000019925,5,0,455,0,91.0,0,15062.404202685533,165.52092530423664,0.01647240299999453,8.511000004318703e-06,0.030207661000019925,0.007551915250004981,0.008664133140090933,0.01647240299999453,8.511000004318703e-06,0,0,0,0,0,0,0,0,0,100,0,165.52092530423664,0.0,54,227,91.0,76.20367445208925,5807.0,0,0,0,0,0,0,0,0,0.0,91.0,91.0,0,100,0,0,0,0,0,0,5,455,0,0,-1,-1,5,20,0,0,0,0,0,0,0,0
0.0,1,0,116,0,116.0,0,0.0,0.0,0.0,0.0,0.0,0.0,0.0,0.0,0.0,0,0,0,0,0,0,0,0,0,20,0,0.0,0.0,116,116,116.0,,,0,0,0,0,0,0,0,0,0.0,116.0,116.0,0,20,0,0,0,0,0,0,1,116,0,0,-1,-1,1,20,0,0,0,0,0,0,0,0
0.0,1,0,66,0,66.0,0,0.0,0.0,0.0,0.0,0.0,0.0,0.0,0.0,0.0,0,0,0,0,0,0,0,0,0,20,0,0.0,0.0,66,66,66.0,,,0,0,0,0,0,0,0,0,0.0,66.0,66.0,0,20,0,0,0,0,0,0,1,66,0,0,-1,-1,1,20,0,0,0,0,0,0,0,0
0.02638886700000853,5,0,537,0,107.4,0,20349.490563570856,189.47384137403031,0.02593416199999865,2.029999848218722e-07,0.02638886700000853,0.006597216750002133,0.012892159898747932,0.02593416199999865,2.029999848218722e-07,0,0,0,0,0,0,0,0,0,100,0,189.47384137403031,0.0,60,291,107.4,102.6683982537957,10540.800000000001,0,0,0,0,0,0,0,0,0.0,107.4,107.4,0,100,0,0,0,0,0,0,5,537,0,0,-1,-1,5,20,0,0,0,0,0,0,0,0
0.026334453999993457,5,0,455,0,91.0,0,17277.74572429385,189.86533762960275,0.014749518000002126,1.1829000015950442e-05,0.026334453999993457,0.006583613499998364,0.0075444933635161505,0.014749518000002126,1.1829000015950442e-05,0,0,0,0,0,0,0,0,0,100,0,189.86533762960275,0.0,54,227,91.0,76.20367445208925,5807.0,0,0,0,0,0,0,0,0,0.0,91.0,91.0,0,100,0,0,0,0,0,0,5,455,0,0,-1,-1,5,20,0,0,0,0,0,0,0,0
0.0,1,0,116,0,116.0,0,0.0,0.0,0.0,0.0,0.0,0.0,0.0,0.0,0.0,0,0,0,0,0,0,0,0,0,20,0,0.0,0.0,116,116,116.0,,,0,0,0,0,0,0,0,0,0.0,116.0,116.0,0,20,0,0,0,0,0,0,1,116,0,0,-1,-1,1,20,0,0,0,0,0,0,0,0
0.0,1,0,66,0,66.0,0,0.0,0.0,0.0,0.0,0.0,0.0,0.0,0.0,0.0,0,0,0,0,0,0,0,0,0,20,0,0.0,0.0,66,66,66.0,,,0,0,0,0,0,0,0,0,0.0,66.0,66.0,0,20,0,0,0,0,0,0,1,66,0,0,-1,-1,1,20,0,0,0,0,0,0,0,0
0.013807947999993075,5,0,537,0,107.4,0,38890.64472145096,362.1102860470294,0.013621545000006563,1.1800000265793642e-07,0.013807947999993075,0.003451986999998269,0.006780271369915419,0.013621545000006563,1.1800000265793642e-07,0,0,0,0,0,0,0,0,0,100,0,362.1102860470294,0.0,60,291,107.4,102.6683982537957,10540.800000000001,0,0,0,0,0,0,0,0,0.0,107.4,107.4,0,100,0,0,0,0,0,0,5,537,0,0,-1,-1,5,20,0,0,0,0,0,0,0,0
0.013797253000007004,5,0,455,0,91.0,0,32977.57894269019,362.3909773921999,0.010960447000002205,7.101200000647623e-05,0.013797253000007004,0.003449313250001751,0.005139347058409823,0.010960447000002205,7.101200000647623e-05,0,0,0,0,0,0,0,0,0,100,0,362.3909773921999,0.0,54,227,91.0,76.20367445208925,5807.0,0,0,0,0,0,0,0,0,0.0,91.0,91.0,0,100,0,0,0,0,0,0,5,455,0,0,-1,-1,5,20,0,0,0,0,0,0,0,0
0.0,1,0,116,0,116.0,0,0.0,0.0,0.0,0.0,0.0,0.0,0.0,0.0,0.0,0,0,0,0,0,0,0,0,0,20,0,0.0,0.0,116,116,116.0,,,0,0,0,0,0,0,0,0,0.0,116.0,116.0,0,20,0,0,0,0,0,0,1,116,0,0,-1,-1,1,20,0,0,0,0,0,0,0,0
0.0,1,0,66,0,66.0,0,0.0,0.0,0.0,0.0,0.0,0.0,0.0,0.0,0.0,0,0,0,0,0,0,0,0,0,20,0,0.0,0.0,66,66,66.0,,,0,0,0,0,0,0,0,0,0.0,66.0,66.0,0,20,0,0,0,0,0,0,1,66,0,0,-1,-1,1,20,0,0,0,0,0,0,0,0
0.011740846999998666,5,0,537,0,107.4,0,45737.75639867047,425.8636536189057,0.011346982000020489,9.699999736767495e-08,0.011740846999998666,0.0029352117499996666,0.005608735445185987,0.011346982000020489,9.699999736767495e-08,0,0,0,0,0,0,0,0,0,100,0,425.8636536189057,0.0,60,291,107.4,102.6683982537957,10540.800000000001,0,0,0,0,0,0,0,0,0.0,107.4,107.4,0,100,0,0,0,0,0,0,5,537,0,0,-1,-1,5,20,0,0,0,0,0,0,0,0
0.011723858999999948,5,0,455,0,91.0,0,38809.74685894824,426.4807347137169,0.010529779000023609,7.179000022006221e-06,0.011723858999999948,0.002930964749999987,0.005086495980334515,0.010529779000023609,7.179000022006221e-06,0,0,0,0,0,0,0,0,0,100,0,426.4807347137169,0.0,54,227,91.0,76.20367445208925,5807.0,0,0,0,0,0,0,0,0,0.0,91.0,91.0,0,100,0,0,0,0,0,0,5,455,0,0,-1,-1,5,20,0,0,0,0,0,0,0,0
0.0,1,0,116,0,116.0,0,0.0,0.0,0.0,0.0,0.0,0.0,0.0,0.0,0.0,0,0,0,0,0,0,0,0,0,20,0,0.0,0.0,116,116,116.0,,,0,0,0,0,0,0,0,0,0.0,116.0,116.0,0,20,0,0,0,0,0,0,1,116,0,0,-1,-1,1,20,0,0,0,0,0,0,0,0
0.0,1,0,66,0,66.0,0,0.0,0.0,0.0,0.0,0.0,0.0,0.0,0.0,0.0,0,0,0,0,0,0,0,0,0,20,0,0.0,0.0,66,66,66.0,,,0,0,0,0,0,0,0,0,0.0,66.0,66.0,0,20,0,0,0,0,0,0,1,66,0,0,-1,-1,1,20,0,0,0,0,0,0,0,0
0.02491180300000906,5,0,537,0,107.4,0,21556.047147603276,200.7080740000305,0.02453364899997723,1.720000000204891e-07,0.02491180300000906,0.006227950750002265,0.012205097004836848,0.02453364899997723,1.720000000204891e-07,0,0,0,0,0,0,0,0,0,100,0,200.7080740000305,0.0,60,291,107.4,102.6683982537957,10540.800000000001,0,0,0,0,0,0,0,0,0.0,107.4,107.4,0,100,0,0,0,0,0,0,5,537,0,0,-1,-1,5,20,0,0,0,0,0,0,0,0
0.024910889000011593,5,0,455,0,91.0,0,18265.104870395764,200.7154381362172,0.013506914000004144,3.277100000786959e-05,0.024910889000011593,0.006227722250002898,0.00702823870991758,0.013506914000004144,3.277100000786959e-05,0,0,0,0,0,0,0,0,0,100,0,200.7154381362172,0.0,54,227,91.0,76.20367445208925,5807.0,0,0,0,0,0,0,0,0,0.0,91.0,91.0,0,100,0,0,0,0,0,0,5,455,0,0,-1,-1,5,20,0,0,0,0,0,0,0,0
0.0,1,0,116,0,116.0,0,0.0,0.0,0.0,0.0,0.0,0.0,0.0,0.0,0.0,0,0,0,0,0,0,0,0,0,20,0,0.0,0.0,116,116,116.0,,,0,0,0,0,0,0,0,0,0.0,116.0,116.0,0,20,0,0,0,0,0,0,1,116,0,0,-1,-1,1,20,0,0,0,0,0,0,0,0
0.0,1,0,66,0,66.0,0,0.0,0.0,0.0,0.0,0.0,0.0,0.0,0.0,0.0,0,0,0,0,0,0,0,0,0,20,0,0.0,0.0,66,66,66.0,,,0,0,0,0,0,0,0,0,0.0,66.0,66.0,0,20,0,0,0,0,0,0,1,66,0,0,-1,-1,1,20,0,0,0,0,0,0,0,0
0.0133996050000178,5,0,537,0,107.4,0,40075.80820474086,373.14532779088324,0.012693110999975943,9.920000002239249e-05,0.0133996050000178,0.00334990125000445,0.0062301650119864545,0.012693110999975943,9.920000002239249e-05,0,0,0,0,0,0,0,0,0,100,0,373.14532779088324,0.0,60,291,107.4,102.6683982537957,10540.800000000001,0,0,0,0,0,0,0,0,0.0,107.4,107.4,0,100,0,0,0,0,0,0,5,537,0,0,-1,-1,5,20,0,0,0,0,0,0,0,0
0.01338140999999382,5,0,455,0,91.0,0,34002.395861139456,373.65270177076326,0.01149208900000076,1.714200001856625e-05,0.01338140999999382,0.003345352499998455,0.005455578123786897,0.01149208900000076,1.714200001856625e-05,0,0,0,0,0,0,0,0,0,100,0,373.65270177076326,0.0,54,227,91.0,76.20367445208925,5807.0,0,0,0,0,0,0,0,0,0.0,91.0,91.0,0,100,0,0,0,0,0,0,5,455,0,0,-1,-1,5,20,0,0,0,0,0,0,0,0
0.0,1,0,116,0,116.0,0,0.0,0.0,0.0,0.0,0.0,0.0,0.0,0.0,0.0,0,0,0,0,0,0,0,0,0,20,0,0.0,0.0,116,116,116.0,,,0,0,0,0,0,0,0,0,0.0,116.0,116.0,0,20,0,0,0,0,0,0,1,116,0,0,-1,-1,1,20,0,0,0,0,0,0,0,0
0.0,1,0,66,0,66.0,0,0.0,0.0,0.0,0.0,0.0,0.0,0.0,0.0,0.0,0,0,0,0,0,0,0,0,0,20,0,0.0,0.0,66,66,66.0,,,0,0,0,0,0,0,0,0,0.0,66.0,66.0,0,20,0,0,0,0,0,0,1,66,0,0,-1,-1,1,20,0,0,0,0,0,0,0,0
0.012467983999982835,5,0,537,0,107.4,0,43070.31513681276,401.0271428008637,0.012155592999988585,1.260000033198594e-07,0.012467983999982835,0.0031169959999957086,0.006026662092034512,0.012155592999988585,1.260000033198594e-07,0,0,0,0,0,0,0,0,0,100,0,401.0271428008637,0.0,60,291,107.4,102.6683982537957,10540.800000000001,0,0,0,0,0,0,0,0,0.0,107.4,107.4,0,100,0,0,0,0,0,0,5,537,0,0,-1,-1,5,20,0,0,0,0,0,0,0,0
0.012463425999982292,5,0,455,0,91.0,0,36506.81602319029,401.1738024526406,0.010311294999979737,6.626999976333536e-06,0.012463425999982292,0.003115856499995573,0.004865272955148957,0.010311294999979737,6.626999976333536e-06,0,0,0,0,0,0,0,0,0,100,0,401.1738024526406,0.0,54,227,91.0,76.20367445208925,5807.0,0,0,0,0,0,0,0,0,0.0,91.0,91.0,0,100,0,0,0,0,0,0,5,455,0,0,-1,-1,5,20,0,0,0,0,0,0,0,0
0.0,1,0,116,0,116.0,0,0.0,0.0,0.0,0.0,0.0,0.0,0.0,0.0,0.0,0,0,0,0,0,0,0,0,0,20,0,0.0,0.0,116,116,116.0,,,0,0,0,0,0,0,0,0,0.0,116.0,116.0,0,20,0,0,0,0,0,0,1,116,0,0,-1,-1,1,20,0,0,0,0,0,0,0,0
0.0,1,0,66,0,66.0,0,0.0,0.0,0.0,0.0,0.0,0.0,0.0,0.0,0.0,0,0,0,0,0,0,0,0,0,20,0,0.0,0.0,66,66,66.0,,,0,0,0,0,0,0,0,0,0.0,66.0,66.0,0,20,0,0,0,0,0,0,1,66,0,0,-1,-1,1,20,0,0,0,0,0,0,0,0
0.014850352000024714,5,0,537,0,107.4,0,36160.75901763853,336.69235584393414,0.014443325000002005,2.9299999937393295e-07,0.014850352000024714,0.0037125880000061784,0.0071563788697156065,0.014443325000002005,2.9299999937393295e-07,0,0,0,0,0,0,0,0,0,100,0,336.69235584393414,0.0,60,291,107.4,102.6683982537957,10540.800000000001,0,0,0,0,0,0,0,0,0.0,107.4,107.4,0,100,0,0,0,0,0,0,5,537,0,0,-1,-1,5,20,0,0,0,0,0,0,0,0
0.014892637000002651,5,0,455,0,91.0,0,30552.010365922368,335.73637764749856,0.012083434000004445,1.7512999988866795e-05,0.014892637000002651,0.0037231592500006627,0.0056670469738437914,0.012083434000004445,1.7512999988866795e-05,0,0,0,0,0,0,0,0,0,100,0,335.73637764749856,0.0,54,227,91.0,76.20367445208925,5807.0,0,0,0,0,0,0,0,0,0.0,91.0,91.0,0,100,0,0,0,0,0,0,5,455,0,0,-1,-1,5,20,0,0,0,0,0,0,0,0
0.0,1,0,116,0,116.0,0,0.0,0.0,0.0,0.0,0.0,0.0,0.0,0.0,0.0,0,0,0,0,0,0,0,0,0,20,0,0.0,0.0,116,116,116.0,,,0,0,0,0,0,0,0,0,0.0,116.0,116.0,0,20,0,0,0,0,0,0,1,116,0,0,-1,-1,1,20,0,0,0,0,0,0,0,0
0.0,1,0,66,0,66.0,0,0.0,0.0,0.0,0.0,0.0,0.0,0.0,0.0,0.0,0,0,0,0,0,0,0,0,0,20,0,0.0,0.0,66,66,66.0,,,0,0,0,0,0,0,0,0,0.0,66.0,66.0,0,20,0,0,0,0,0,0,1,66,0,0,-1,-1,1,20,0,0,0,0,0,0,0,0
0.013199807000006558,5,0,537,0,107.4,0,40682.413007988165,378.7934172065937,0.012982590999996546,1.0700000530050602e-07,0.013199807000006558,0.0032999517500016395,0.006455902269627091,0.012982590999996546,1.0700000530050602e-07,0,0,0,0,0,0,0,0,0,100,0,378.7934172065937,0.0,60,291,107.4,102.6683982537957,10540.800000000001,0,0,0,0,0,0,0,0,0.0,107.4,107.4,0,100,0,0,0,0,0,0,5,537,0,0,-1,-1,5,20,0,0,0,0,0,0,0,0
0.013197742000016888,5,0,455,0,91.0,0,34475.59438572278,378.8526855573932,0.010625309000005245,7.029000016700593e-06,0.013197742000016888,0.003299435500004222,0.004996492447717225,0.010625309000005245,7.029000016700593e-06,0,0,0,0,0,0,0,0,0,100,0,378.8526855573932,0.0,54,227,91.0,76.20367445208925,5807.0,0,0,0,0,0,0,0,0,0.0,91.0,91.0,0,100,0,0,0,0,0,0,5,455,0,0,-1,-1,5,20,0,0,0,0,0,0,0,0
0.0,1,0,116,0,116.0,0,0.0,0.0,0.0,0.0,0.0,0.0,0.0,0.0,0.0,0,0,0,0,0,0,0,0,0,20,0,0.0,0.0,116,116,116.0,,,0,0,0,0,0,0,0,0,0.0,116.0,116.0,0,20,0,0,0,0,0,0,1,116,0,0,-1,-1,1,20,0,0,0,0,0,0,0,0
0.0,1,0,66,0,66.0,0,0.0,0.0,0.0,0.0,0.0,0.0,0.0,0.0,0.0,0,0,0,0,0,0,0,0,0,20,0,0.0,0.0,66,66,66.0,,,0,0,0,0,0,0,0,0,0.0,66.0,66.0,0,20,0,0,0,0,0,0,1,66,0,0,-1,-1,1,20,0,0,0,0,0,0,0,0
0.03064632099997766,5,0,537,0,107.4,0,17522.494788212636,163.15172056063906,0.030096952999997484,1.3999999737279722e-07,0.03064632099997766,0.007661580249994415,0.014957490473244066,0.030096952999997484,1.3999999737279722e-07,0,0,0,0,0,0,0,0,0,100,0,163.15172056063906,0.0,60,291,107.4,102.6683982537957,10540.800000000001,0,0,0,0,0,0,0,0,0.0,107.4,107.4,0,100,0,0,0,0,0,0,5,537,0,0,-1,-1,5,20,0,0,0,0,0,0,0,0
0.03062439300001074,5,0,455,0,91.0,0,14857.437337609937,163.26854217153777,0.02056085300000632,9.546999990561744e-06,0.03062439300001074,0.007656098250002685,0.009743153011875191,0.02056085300000632,9.546999990561744e-06,0,0,0,0,0,0,0,0,0,100,0,163.26854217153777,0.0,54,227,91.0,76.20367445208925,5807.0,0,0,0,0,0,0,0,0,0.0,91.0,91.0,0,100,0,0,0,0,0,0,5,455,0,0,-1,-1,5,20,0,0,0,0,0,0,0,0
0.0,1,0,116,0,116.0,0,0.0,0.0,0.0,0.0,0.0,0.0,0.0,0.0,0.0,0,0,0,0,0,0,0,0,0,20,0,0.0,0.0,116,116,116.0,,,0,0,0,0,0,0,0,0,0.0,116.0,116.0,0,20,0,0,0,0,0,0,1,116,0,0,-1,-1,1,20,0,0,0,0,0,0,0,0
0.0,1,0,66,0,66.0,0,0.0,0.0,0.0,0.0,0.0,0.0,0.0,0.0,0.0,0,0,0,0,0,0,0,0,0,20,0,0.0,0.0,66,66,66.0,,,0,0,0,0,0,0,0,0,0.0,66.0,66.0,0,20,0,0,0,0,0,0,1,66,0,0,-1,-1,1,20,0,0,0,0,0,0,0,0
